Budget,Gross,Release Date,Runtime,Rating,Rating Count,Net Profit,ROI,MPAA Rating_G,MPAA Rating_PG,MPAA Rating_PG-13,MPAA Rating_R,Genre_Action,Genre_Adventure,Genre_Animation,Genre_Comedy,Genre_Crime,Genre_Drama,Genre_Family,Genre_Fantasy,Genre_History,Genre_Horror,Genre_Mystery,Genre_Romance,Genre_Science Fiction,Genre_Thriller,Genre_War,Genre_Western
7500000.0,296000000.0,10,93.0,5.9,73638.0,288500000.0,38.46666666666667,0,0,1,0,0,0,0,0,0,0,0,0,0,0,0,1,0,0,0,0
7500000.0,145793296.0,12,99.0,7.4,91075.0,138293296.0,18.439106133333333,0,1,0,0,0,0,0,1,0,0,0,0,0,0,0,0,0,0,0,0
13000000.0,71079915.0,7,100.0,7.2,91415.0,58079915.0,4.467685769230769,0,1,0,0,0,0,0,0,1,0,0,0,0,0,0,0,0,0,0,0
14000000.0,161001698.0,12,145.0,7.2,91415.0,147001698.0,10.500121285714286,0,0,0,1,0,0,0,0,0,0,0,0,0,0,0,0,0,0,1,0
15000000.0,84431625.0,4,107.0,7.5,101702.0,69431625.0,4.628775,0,1,0,0,0,0,0,0,0,1,0,0,0,0,0,0,0,0,0,0
15000000.0,79258538.0,8,100.0,7.0,77659.0,64258538.0,4.283902533333333,0,1,0,0,0,0,0,0,0,0,1,0,0,0,0,0,0,0,0,0
16000000.0,92800000.0,7,96.0,7.6,180871.0,76800000.0,4.8,0,0,0,1,0,0,0,0,0,0,0,0,0,0,0,1,0,0,0,0
16400000.0,235860116.0,6,129.0,8.1,382002.0,219460116.0,13.381714390243902,0,1,0,0,0,0,0,0,0,1,0,0,0,0,0,0,0,0,0,0
20000000.0,126297830.0,7,124.0,7.0,41866.0,106297830.0,5.3148915,0,0,1,0,0,0,0,1,0,0,0,0,0,0,0,0,0,0,0,0
25000000.0,227853986.0,7,114.0,7.2,151737.0,202853986.0,8.11415944,0,0,0,1,0,0,0,1,0,0,0,0,0,0,0,0,0,0,0,0
26000000.0,160200000.0,12,116.0,6.8,45248.0,134200000.0,5.161538461538462,0,0,0,1,0,0,0,1,0,0,0,0,0,0,0,0,0,0,0,0
27000000.0,71320000.0,12,97.0,7.6,135690.0,44320000.0,1.6414814814814815,0,0,1,0,1,0,0,0,0,0,0,0,0,0,0,0,0,0,0,0
32000000.0,222724172.0,6,93.0,6.3,132480.0,190724172.0,5.960130375,0,1,0,0,0,0,0,0,0,0,1,0,0,0,0,0,0,0,0,0
35000000.0,411348924.0,6,126.0,7.5,319517.0,376348924.0,10.7528264,0,1,0,0,1,0,0,0,0,0,0,0,0,0,0,0,0,0,0,0
37000000.0,215394738.0,6,108.0,6.6,171196.0,178394738.0,4.821479405405405,0,1,0,0,0,0,0,1,0,0,0,0,0,0,0,0,0,0,0,0
40000000.0,222300000.0,11,83.0,7.6,219221.0,182300000.0,4.5575,0,1,0,0,0,0,1,0,0,0,0,0,0,0,0,0,0,0,0,0
40000000.0,332000000.0,11,108.0,7.8,438940.0,292000000.0,7.3,0,1,0,0,0,0,0,0,0,0,0,0,0,0,0,0,1,0,0,0
48000000.0,474171806.0,5,127.0,8.2,647495.0,426171806.0,8.878579291666666,0,0,1,0,0,1,0,0,0,0,0,0,0,0,0,0,0,0,0,0
55000000.0,63408614.0,12,104.0,6.8,79806.0,8408614.0,0.1528838909090909,0,0,0,1,1,0,0,0,0,0,0,0,0,0,0,0,0,0,0,0
15000000.0,95904091.0,11,119.0,7.3,43037.0,80904091.0,5.393606066666667,0,1,0,0,0,0,0,0,0,1,0,0,0,0,0,0,0,0,0,0
11000000.0,71600000.0,11,104.0,6.1,127793.0,60600000.0,5.509090909090909,0,1,0,0,0,0,0,0,0,0,1,0,0,0,0,0,0,0,0,0
13500000.0,202000000.0,3,93.0,6.8,79806.0,188500000.0,13.962962962962964,0,1,0,0,1,0,0,0,0,0,0,0,0,0,0,0,0,0,0,0
14000000.0,463000000.0,3,119.0,7.0,266405.0,449000000.0,32.07142857142857,0,0,0,1,0,0,0,0,0,0,0,0,0,0,0,1,0,0,0,0
15000000.0,201957688.0,12,111.0,6.1,127793.0,186957688.0,12.463845866666666,0,0,1,0,1,0,0,0,0,0,0,0,0,0,0,0,0,0,0,0
18000000.0,476684675.0,11,103.0,7.6,414472.0,458684675.0,25.482481944444444,0,1,0,0,0,0,0,0,0,0,1,0,0,0,0,0,0,0,0,0
20000000.0,138700000.0,5,110.0,6.0,37415.0,118700000.0,5.935,0,0,1,0,0,0,0,1,0,0,0,0,0,0,0,0,0,0,0,0
20000000.0,61276872.0,11,107.0,7.8,168946.0,41276872.0,2.0638436,0,0,0,1,0,0,0,0,0,1,0,0,0,0,0,0,0,0,0,0
20000000.0,53000000.0,12,105.0,7.9,421760.0,33000000.0,1.65,0,0,1,0,0,0,0,0,0,1,0,0,0,0,0,0,0,0,0,0
22000000.0,505000000.0,7,127.0,7.0,183054.0,483000000.0,21.954545454545453,0,0,1,0,0,0,0,0,0,0,0,0,0,0,0,0,0,1,0,0
22000000.0,221303188.0,7,127.0,6.9,35122.0,199303188.0,9.059235818181818,0,0,0,1,0,0,0,0,1,0,0,0,0,0,0,0,0,0,0,0
22000000.0,424208848.0,11,181.0,8.0,224754.0,402208848.0,18.28222036363636,0,0,1,0,0,0,0,0,0,0,0,0,0,0,0,0,0,0,0,1
26000000.0,61489265.0,8,115.0,6.6,76155.0,35489265.0,1.3649717307692308,0,0,0,1,0,0,0,0,0,0,0,0,0,1,0,0,0,0,0,0
30000000.0,199200000.0,3,134.0,7.6,167212.0,169200000.0,5.64,0,1,0,0,0,0,0,0,0,0,0,0,0,0,0,0,0,1,0,0
38000000.0,153518974.0,6,95.0,5.9,36103.0,115518974.0,3.039973,0,0,0,1,1,0,0,0,0,0,0,0,0,0,0,0,0,0,0,0
40000000.0,244527583.0,5,118.0,7.4,369652.0,204527583.0,5.113189575,0,1,0,0,0,0,0,0,0,0,1,0,0,0,0,0,0,0,0,0
47000000.0,103738726.0,6,103.0,6.1,54312.0,56738726.0,1.207206936170213,0,1,0,0,0,0,0,0,1,0,0,0,0,0,0,0,0,0,0,0
54000000.0,136766062.0,12,162.0,7.6,332236.0,82766062.0,1.5327048518518518,0,0,0,1,0,0,0,0,0,1,0,0,0,0,0,0,0,0,0,0
60000000.0,157920733.0,6,107.0,6.0,73649.0,97920733.0,1.6320122166666666,0,0,1,0,0,1,0,0,0,0,0,0,0,0,0,0,0,0,0,0
65000000.0,261317921.0,6,113.0,7.5,282870.0,196317921.0,3.020275707692308,0,0,0,1,0,0,0,0,0,0,0,0,0,0,0,0,1,0,0,0
70000000.0,240031094.0,7,124.0,7.2,317843.0,170031094.0,2.4290156285714284,0,0,0,1,0,0,0,0,0,0,0,0,0,0,0,0,0,1,0,0
11000000.0,119418501.0,12,130.0,7.7,62493.0,108418501.0,9.856227363636364,0,0,1,0,0,0,0,1,0,0,0,0,0,0,0,0,0,0,0,0
19000000.0,272742922.0,2,119.0,8.6,1166583.0,253742922.0,13.354890631578948,0,0,0,1,0,0,0,0,1,0,0,0,0,0,0,0,0,0,0,0
19000000.0,174999005.0,2,99.0,6.2,46455.0,155999005.0,8.21047394736842,0,0,0,1,0,0,0,0,0,1,0,0,0,0,0,0,0,0,0,0
20000000.0,89325780.0,12,105.0,6.5,64326.0,69325780.0,3.466289,0,1,0,0,0,0,0,0,0,0,0,0,0,0,0,1,0,0,0,0
23000000.0,86900000.0,6,85.0,6.5,64326.0,63900000.0,2.7782608695652176,0,0,1,0,0,0,0,0,0,1,0,0,0,0,0,0,0,0,0,0
25000000.0,78600000.0,3,88.0,8.0,397467.0,53600000.0,2.144,0,1,0,0,1,0,0,0,0,0,0,0,0,0,0,0,0,0,0,0
25000000.0,377350553.0,11,84.0,8.0,397467.0,352350553.0,14.09402212,0,1,0,0,0,0,1,0,0,0,0,0,0,0,0,0,0,0,0,0
26000000.0,181096164.0,7,84.0,6.8,93277.0,155096164.0,5.965237076923077,0,0,1,0,0,0,0,1,0,0,0,0,0,0,0,0,0,0,0,0
27000000.0,179033791.0,6,112.0,6.7,45166.0,152033791.0,5.630881148148148,0,0,1,0,0,0,0,1,0,0,0,0,0,0,0,0,0,0,0,0
27000000.0,96900000.0,12,113.0,7.2,66086.0,69900000.0,2.588888888888889,0,1,0,0,0,0,0,0,0,0,0,0,0,0,0,0,1,0,0,0
30000000.0,191502426.0,11,99.0,6.9,119260.0,161502426.0,5.3834142,0,0,1,0,0,0,0,1,0,0,0,0,0,0,0,0,0,0,0,0
30000000.0,74787599.0,12,132.0,6.7,14918.0,44787599.0,1.4929199666666666,0,0,0,1,0,0,0,0,0,0,0,0,0,0,0,1,0,0,0,0
35000000.0,63710000.0,5,100.0,7.0,58797.0,28710000.0,0.8202857142857143,0,1,0,0,0,0,0,1,0,0,0,0,0,0,0,0,0,0,0,0
35000000.0,182300000.0,11,128.0,7.3,157496.0,147300000.0,4.208571428571428,0,0,0,1,0,0,0,0,1,0,0,0,0,0,0,0,0,0,0,0
40000000.0,205405498.0,12,189.0,8.0,132879.0,165405498.0,4.13513745,0,0,0,1,0,0,0,0,0,1,0,0,0,0,0,0,0,0,0,0
48000000.0,390493908.0,6,143.0,6.9,168877.0,342493908.0,7.13528975,0,0,1,0,0,1,0,0,0,0,0,0,0,0,0,0,0,0,0,0
70000000.0,300854823.0,12,144.0,6.8,218151.0,230854823.0,3.297926042857142,0,1,0,0,0,0,0,0,0,0,1,0,0,0,0,0,0,0,0,0
75000000.0,152368585.0,5,137.0,6.7,67442.0,77368585.0,1.0315811333333331,0,0,0,1,0,0,0,0,0,0,0,0,0,0,1,0,0,0,0,0
100000000.0,520000000.0,7,137.0,8.5,930593.0,420000000.0,4.2,0,0,0,1,0,0,0,0,0,0,0,0,0,0,0,0,1,0,0,0
3705538.0,62548947.0,9,112.0,7.2,48101.0,58843409.0,15.879855772630048,0,0,0,1,0,0,0,0,0,0,0,0,0,0,0,1,0,0,0,0
11700000.0,88036683.0,1,110.0,8.2,348791.0,76336683.0,6.52450282051282,0,0,0,1,0,0,0,0,0,1,0,0,0,0,0,0,0,0,0,0
14000000.0,159157447.0,8,131.0,8.2,348791.0,145157447.0,10.368389071428572,0,0,0,1,0,0,0,0,0,0,0,0,0,0,0,0,0,0,0,1
18000000.0,358991681.0,11,120.0,6.7,269944.0,340991681.0,18.943982277777778,0,1,0,0,0,0,0,0,0,0,1,0,0,0,0,0,0,0,0,0
20000000.0,121697323.0,2,94.0,7.0,135657.0,101697323.0,5.08486615,0,0,1,0,0,0,0,1,0,0,0,0,0,0,0,0,0,0,0,0
25000000.0,411006740.0,11,129.0,6.3,110511.0,386006740.0,15.4402696,0,0,0,1,1,0,0,0,0,0,0,0,0,0,0,0,0,0,0,0
28000000.0,504050219.0,11,90.0,8.0,336384.0,476050219.0,17.001793535714285,1,0,0,0,0,0,1,0,0,0,0,0,0,0,0,0,0,0,0,0
31000000.0,90753806.0,3,115.0,6.8,70430.0,59753806.0,1.927542129032258,0,0,0,1,0,0,0,1,0,0,0,0,0,0,0,0,0,0,0,0
31000000.0,231605150.0,5,100.0,6.4,80510.0,200605150.0,6.4711338709677415,0,1,0,0,0,0,0,1,0,0,0,0,0,0,0,0,0,0,0,0
31000000.0,134095253.0,12,157.0,8.0,238212.0,103095253.0,3.3256533225806453,0,0,0,1,0,0,0,0,0,1,0,0,0,0,0,0,0,0,0,0
35000000.0,321731527.0,5,118.0,6.7,148440.0,286731527.0,8.192329342857143,0,0,0,1,1,0,0,0,0,0,0,0,0,0,0,0,0,0,0,0
35000000.0,156563139.0,10,103.0,6.5,71962.0,121563139.0,3.4732325428571427,0,0,0,1,1,0,0,0,0,0,0,0,0,0,0,0,0,0,0,0
40000000.0,70100000.0,6,117.0,5.5,24114.0,30100000.0,0.7525,0,0,0,1,0,0,0,0,0,0,0,0,0,0,0,1,0,0,0,0
40000000.0,107458785.0,7,128.0,7.2,85932.0,67458785.0,1.686469625,0,1,0,0,0,0,0,1,0,0,0,0,0,0,0,0,0,0,0,0
40000000.0,75505856.0,9,112.0,7.7,139000.0,35505856.0,0.8876464,0,0,0,1,1,0,0,0,0,0,0,0,0,0,0,0,0,0,0,0
40000000.0,215900000.0,11,128.0,7.4,177678.0,175900000.0,4.3975,0,0,0,1,0,0,0,0,0,1,0,0,0,0,0,0,0,0,0,0
40000000.0,243240178.0,12,138.0,7.7,218747.0,203240178.0,5.08100445,0,0,0,1,0,0,0,0,0,1,0,0,0,0,0,0,0,0,0,0
45000000.0,178051587.0,6,117.0,6.9,95783.0,133051587.0,2.956701933333333,0,0,0,1,0,0,0,0,0,0,0,0,0,0,0,0,0,1,0,0
49000000.0,352927224.0,3,127.0,6.9,159658.0,303927224.0,6.202596408163266,0,0,0,1,0,0,0,0,0,0,0,0,0,0,0,0,0,1,0,0
80000000.0,280000000.0,6,126.0,7.0,258216.0,200000000.0,2.5,0,0,1,0,1,0,0,0,0,0,0,0,0,0,0,0,0,0,0,0
14000000.0,154864401.0,9,98.0,6.9,85604.0,140864401.0,10.061742928571428,0,1,0,0,0,0,0,1,0,0,0,0,0,0,0,0,0,0,0,0
14600000.0,70906973.0,2,101.0,8.0,549538.0,56306973.0,3.8566419863013697,0,1,0,0,0,0,0,1,0,0,0,0,0,0,0,0,0,0,0,0
20000000.0,153698625.0,7,112.0,5.9,64130.0,133698625.0,6.68493125,0,1,0,0,0,0,0,0,0,0,1,0,0,0,0,0,0,0,0,0
21000000.0,227799884.0,6,105.0,6.8,147908.0,206799884.0,9.847613523809525,0,1,0,0,0,0,0,0,0,0,0,0,0,0,0,1,0,0,0,0
22000000.0,321365567.0,11,195.0,8.9,1117322.0,299365567.0,13.607525772727271,0,0,0,1,0,0,0,0,0,0,0,0,1,0,0,0,0,0,0,0
25000000.0,441286195.0,11,125.0,7.0,226146.0,416286195.0,16.6514478,0,0,1,0,0,0,0,0,0,0,1,0,0,0,0,0,0,0,0,0
25000000.0,56505065.0,12,130.0,7.8,117576.0,31505065.0,1.2602026,0,0,0,1,0,0,0,0,0,1,0,0,0,0,0,0,0,0,0,0
26000000.0,206678440.0,12,125.0,7.7,210109.0,180678440.0,6.949170769230769,0,0,1,0,0,0,0,0,0,1,0,0,0,0,0,0,0,0,0,0
28000000.0,63000000.0,5,110.0,6.8,46467.0,35000000.0,1.25,0,0,1,0,0,0,0,1,0,0,0,0,0,0,0,0,0,0,0,0
35100000.0,70200000.0,12,103.0,7.0,40509.0,35100000.0,1.0,0,0,1,0,0,0,0,1,0,0,0,0,0,0,0,0,0,0,0,0
38000000.0,266614059.0,4,117.0,5.9,58078.0,228614059.0,6.0161594473684215,0,0,0,1,0,0,0,0,0,1,0,0,0,0,0,0,0,0,0,0
38000000.0,57319029.0,12,107.0,5.6,45380.0,19319029.0,0.5083955,0,1,0,0,0,0,0,1,0,0,0,0,0,0,0,0,0,0,0,0
40000000.0,176997168.0,7,128.0,7.2,86650.0,136997168.0,3.4249292,0,0,0,1,0,0,0,0,1,0,0,0,0,0,0,0,0,0,0,0
40000000.0,107198790.0,7,125.0,6.2,40088.0,67198790.0,1.67996975,0,0,0,1,0,0,0,0,0,0,0,0,0,0,0,0,0,1,0,0
42000000.0,270248367.0,6,154.0,6.8,108683.0,228248367.0,5.434484928571429,0,0,0,1,0,0,0,0,0,0,0,0,0,0,1,0,0,0,0,0
44000000.0,368875760.0,8,130.0,7.8,249811.0,324875760.0,7.38354,0,0,1,0,0,1,0,0,0,0,0,0,0,0,0,0,0,0,0,0
45000000.0,195268056.0,12,141.0,6.6,71238.0,150268056.0,3.3392901333333334,0,0,1,0,0,0,0,0,1,0,0,0,0,0,0,0,0,0,0,0
57000000.0,159055768.0,10,115.0,6.7,148329.0,102055768.0,1.7904520701754385,0,0,0,1,1,0,0,0,0,0,0,0,0,0,0,0,0,0,0,0
70000000.0,255000211.0,5,112.0,6.4,113299.0,185000211.0,2.642860157142857,0,0,0,1,0,1,0,0,0,0,0,0,0,0,0,0,0,0,0,0
8000000.0,213928762.0,9,154.0,8.9,1690474.0,205928762.0,25.74109525,0,0,0,1,0,0,0,0,0,0,0,0,0,0,0,0,0,1,0,0
15000000.0,107217396.0,2,86.0,6.9,260044.0,92217396.0,6.1478264,0,0,1,0,0,0,0,1,0,0,0,0,0,0,0,0,0,0,0,0
16000000.0,247275374.0,12,107.0,7.3,334497.0,231275374.0,14.454710875,0,0,1,0,0,0,0,1,0,0,0,0,0,0,0,0,0,0,0,0
22000000.0,189833357.0,11,97.0,6.4,86610.0,167833357.0,7.628788954545454,0,1,0,0,0,0,0,0,0,0,1,0,0,0,0,0,0,0,0,0
23000000.0,351583407.0,7,101.0,6.9,320839.0,328583407.0,14.286235086956522,0,0,1,0,0,0,0,0,0,0,0,0,0,0,0,1,0,0,0,0
30000000.0,350448145.0,6,116.0,7.2,309338.0,320448145.0,10.681604833333331,0,0,0,1,1,0,0,0,0,0,0,0,0,0,0,0,0,0,0,0
30000000.0,160638883.0,12,133.0,7.5,136361.0,130638883.0,4.354629433333334,0,0,0,1,0,0,0,0,0,1,0,0,0,0,0,0,0,0,0,0
38000000.0,120000000.0,11,118.0,8.5,869127.0,82000000.0,2.1578947368421053,0,1,0,0,0,0,0,0,0,0,0,0,0,0,0,0,1,0,0,0
45000000.0,788241776.0,6,89.0,8.5,869127.0,743241776.0,16.516483911111113,1,0,0,0,0,0,1,0,0,0,0,0,0,0,0,0,0,0,0,0
45000000.0,117615211.0,7,119.0,6.7,55788.0,72615211.0,1.6136713555555555,0,0,1,0,0,0,0,0,0,1,0,0,0,0,0,0,0,0,0,0
45000000.0,170362582.0,10,110.0,5.6,59371.0,125362582.0,2.785835155555556,0,0,0,1,1,0,0,0,0,0,0,0,0,0,0,0,0,0,0,0
46000000.0,341631208.0,5,91.0,4.9,71389.0,295631208.0,6.426765391304348,0,1,0,0,0,0,0,0,0,0,1,0,0,0,0,0,0,0,0,0
55000000.0,677945399.0,7,142.0,8.8,1657851.0,622945399.0,11.326279981818182,0,0,1,0,0,0,0,1,0,0,0,0,0,0,0,0,0,0,0,0
55000000.0,196567262.0,10,121.0,7.1,167516.0,141567262.0,2.5739502181818184,0,0,1,0,0,0,0,0,0,0,0,0,0,0,0,0,1,0,0,0
55000000.0,214015089.0,12,123.0,6.1,43455.0,159015089.0,2.891183436363636,0,0,0,1,0,0,0,0,0,1,0,0,0,0,0,0,0,0,0,0
60000000.0,223664608.0,11,123.0,6.9,83296.0,163664608.0,2.7277434666666664,0,0,0,1,0,0,0,0,0,0,0,0,0,1,0,0,0,0,0,0
62000000.0,215887717.0,8,141.0,6.9,83296.0,153887717.0,2.482059951612903,0,0,1,0,0,0,0,0,0,0,0,0,0,0,0,0,0,1,0,0
70000000.0,131000000.0,6,125.0,6.2,49903.0,61000000.0,0.8714285714285714,0,0,0,1,0,0,0,0,0,0,0,1,0,0,0,0,0,0,0,0
75000000.0,183000000.0,5,127.0,7.0,96405.0,108000000.0,1.44,0,1,0,0,1,0,0,0,0,0,0,0,0,0,0,0,0,0,0,0
115000000.0,378882411.0,7,141.0,7.2,223671.0,263882411.0,2.2946296608695653,0,0,0,1,1,0,0,0,0,0,0,0,0,0,0,0,0,0,0,0
17000000.0,182057016.0,4,103.0,6.7,85626.0,165057016.0,9.709236235294116,0,1,0,0,0,0,0,0,0,0,0,0,0,0,0,1,0,0,0,0
23000000.0,179519401.0,8,99.0,6.5,45479.0,156519401.0,6.805191347826087,0,0,0,1,0,0,0,0,1,0,0,0,0,0,0,0,0,0,0,0
25000000.0,71500000.0,12,101.0,6.7,22759.0,46500000.0,1.86,0,0,1,0,0,0,0,1,0,0,0,0,0,0,0,0,0,0,0,0
30000000.0,76578911.0,2,106.0,6.0,31971.0,46578911.0,1.5526303666666668,0,1,0,0,0,0,0,1,0,0,0,0,0,0,0,0,0,0,0,0
30000000.0,373554033.0,10,81.0,8.3,820625.0,343554033.0,11.4518011,1,0,0,0,0,0,1,0,0,0,0,0,0,0,0,0,0,0,0,0
30000000.0,212385533.0,11,90.0,6.4,191266.0,182385533.0,6.079517766666667,0,0,1,0,0,0,0,1,0,0,0,0,0,0,0,0,0,0,0,0
30250000.0,115101622.0,10,105.0,6.9,72078.0,84851622.0,2.805012297520661,0,0,0,1,0,0,0,1,0,0,0,0,0,0,0,0,0,0,0,0
31000000.0,106269971.0,12,137.0,7.3,33906.0,75269971.0,2.428063580645161,0,1,0,0,0,0,0,0,0,0,1,0,0,0,0,0,0,0,0,0
33000000.0,327311859.0,9,127.0,8.6,1323681.0,294311859.0,8.918541181818181,0,0,0,1,1,0,0,0,0,0,0,0,0,0,0,0,0,0,0,0
50000000.0,287928194.0,5,100.0,6.1,110490.0,237928194.0,4.75856388,0,1,0,0,0,0,0,0,0,0,1,0,0,0,0,0,0,0,0,0
50000000.0,152022101.0,6,109.0,5.2,39870.0,102022101.0,2.04044202,0,0,1,0,0,0,0,0,0,1,0,0,0,0,0,0,0,0,0,0
52000000.0,355237933.0,6,140.0,7.6,250975.0,303237933.0,5.831498711538462,0,1,0,0,0,0,0,0,0,1,0,0,0,0,0,0,0,0,0,0
53000000.0,157387195.0,5,116.0,7.3,95145.0,104387195.0,1.969569716981132,0,0,0,1,0,0,0,0,0,0,0,0,0,0,0,0,0,1,0,0
55000000.0,346079773.0,6,81.0,6.7,156670.0,291079773.0,5.292359509090909,1,0,0,0,0,0,1,0,0,0,0,0,0,0,0,0,0,0,0,0
58000000.0,352194034.0,11,130.0,7.2,226013.0,294194034.0,5.072310931034483,0,0,1,0,1,0,0,0,0,0,0,0,0,0,0,0,0,0,0,0
65000000.0,262797249.0,12,104.0,7.0,277496.0,197797249.0,3.0430346,0,1,0,0,0,0,0,0,0,0,1,0,0,0,0,0,0,0,0,0
72000000.0,210000000.0,5,177.0,8.3,907287.0,138000000.0,1.9166666666666667,0,0,0,1,1,0,0,0,0,0,0,0,0,0,0,0,0,0,0,0
90000000.0,366101666.0,5,128.0,5.4,224254.0,276101666.0,3.067796288888889,0,0,0,1,0,0,0,0,0,0,0,0,0,0,0,0,0,1,0,0
100000000.0,336529144.0,6,121.0,5.4,224254.0,236529144.0,2.36529144,0,0,1,0,1,0,0,0,0,0,0,0,0,0,0,0,0,0,0,0
175000000.0,264218220.0,7,135.0,6.2,169984.0,89218220.0,0.5098184,0,0,1,0,1,0,0,0,0,0,0,0,0,0,0,0,0,0,0,0
14000000.0,173046663.0,12,111.0,7.2,267513.0,159046663.0,11.360475928571429,0,0,0,1,0,0,0,0,0,0,0,0,0,1,0,0,0,0,0,0
26000000.0,116400000.0,9,102.0,6.4,39451.0,90400000.0,3.476923076923077,0,1,0,0,0,0,0,1,0,0,0,0,0,0,0,0,0,0,0,0
27000000.0,231976425.0,11,162.0,7.4,168450.0,204976425.0,7.591719444444444,0,0,0,1,0,0,0,0,0,0,0,0,0,0,0,0,0,0,1,0
31000000.0,185260553.0,3,117.0,7.1,74466.0,154260553.0,4.976146870967742,0,0,0,1,0,0,0,1,0,0,0,0,0,0,0,0,0,0,0,0
32000000.0,152036382.0,7,123.0,6.4,71796.0,120036382.0,3.7511369375,0,1,0,0,0,0,0,0,0,1,0,0,0,0,0,0,0,0,0,0
40000000.0,152266007.0,7,149.0,7.5,121642.0,112266007.0,2.806650175,0,0,0,1,0,0,0,0,1,0,0,0,0,0,0,0,0,0,0,0
46000000.0,150000000.0,11,111.0,7.6,111959.0,104000000.0,2.260869565217391,0,0,1,0,0,0,0,0,0,0,0,0,0,0,0,0,1,0,0,0
50000000.0,150270147.0,2,108.0,6.0,86863.0,100270147.0,2.00540294,0,0,0,1,0,0,0,0,0,0,0,0,0,0,0,0,0,1,0,0
50000000.0,273552592.0,12,139.0,7.3,226489.0,223552592.0,4.47105184,0,0,0,1,0,0,0,1,0,0,0,0,0,0,0,0,0,0,0,0
54000000.0,128769345.0,6,95.0,5.6,103475.0,74769345.0,1.3846175,0,0,1,0,0,0,0,1,0,0,0,0,0,0,0,0,0,0,0,0
54000000.0,320689294.0,11,103.0,5.7,94582.0,266689294.0,4.93869062962963,1,0,0,0,0,0,0,1,0,0,0,0,0,0,0,0,0,0,0,0
75000000.0,335062621.0,6,136.0,7.4,297268.0,260062621.0,3.4675016133333334,0,0,0,1,1,0,0,0,0,0,0,0,0,0,0,0,0,0,0,0
75000000.0,816969268.0,6,145.0,7.0,503229.0,741969268.0,9.892923573333332,0,0,1,0,1,0,0,0,0,0,0,0,0,0,0,0,0,0,0,0
80000000.0,457696359.0,5,110.0,7.1,365266.0,377696359.0,4.7212044875,0,0,1,0,1,0,0,0,0,0,0,0,0,0,0,0,0,0,0,0
80000000.0,309492681.0,11,117.0,6.6,112739.0,229492681.0,2.8686585125,0,0,0,1,0,0,0,0,0,0,0,0,0,0,0,0,0,1,0,0
80000000.0,250200000.0,11,88.0,6.4,145336.0,170200000.0,2.1275,0,1,0,0,0,0,0,1,0,0,0,0,0,0,0,0,0,0,0,0
92000000.0,494471524.0,5,113.0,6.4,164803.0,402471524.0,4.374690478260869,0,0,1,0,1,0,0,0,0,0,0,0,0,0,0,0,0,0,0,0
100000000.0,100138851.0,6,91.0,6.9,130850.0,138851.0,0.00138851,0,1,0,0,0,0,1,0,0,0,0,0,0,0,0,0,0,0,0,0
100000000.0,242295562.0,6,115.0,6.1,98473.0,142295562.0,1.42295562,0,0,0,1,0,0,0,0,0,1,0,0,0,0,0,0,0,0,0,0
119700000.0,119718203.0,12,105.0,5.7,39051.0,18203.0,0.0001520718462823,0,1,0,0,0,0,0,0,0,0,0,1,0,0,0,0,0,0,0,0
10000000.0,225933435.0,12,126.0,8.3,787732.0,215933435.0,21.5933435,0,0,0,1,0,0,0,0,0,1,0,0,0,0,0,0,0,0,0,0
17000000.0,125586134.0,10,100.0,5.7,125924.0,108586134.0,6.387419647058824,0,0,0,1,0,0,0,0,0,0,0,0,0,1,0,0,0,0,0,0
24000000.0,172363301.0,12,120.0,6.2,147635.0,148363301.0,6.181804208333333,0,0,0,1,0,0,0,0,0,0,0,0,0,1,0,0,0,0,0,0
38000000.0,299288605.0,6,105.0,6.3,120020.0,261288605.0,6.876015921052631,0,0,1,0,0,0,0,1,0,0,0,0,0,0,0,0,0,0,0,0
45000000.0,302710615.0,3,86.0,6.9,264851.0,257710615.0,5.726902555555555,0,0,1,0,0,0,0,1,0,0,0,0,0,0,0,0,0,0,0,0
50000000.0,314178011.0,12,139.0,7.7,258974.0,264178011.0,5.28356022,0,0,1,0,0,0,0,1,0,0,0,0,0,0,0,0,0,0,0,0
55000000.0,174400000.0,7,92.0,5.4,66725.0,119400000.0,2.170909090909091,0,1,0,0,0,0,0,0,0,0,1,0,0,0,0,0,0,0,0,0
73000000.0,229074524.0,5,129.0,6.6,353168.0,156074524.0,2.138007178082192,0,0,1,0,1,0,0,0,0,0,0,0,0,0,0,0,0,0,0,0
75000000.0,224012234.0,6,115.0,6.9,261542.0,149012234.0,1.9868297866666669,0,0,0,1,1,0,0,0,0,0,0,0,0,0,0,0,0,0,0,0
75000000.0,136982834.0,8,135.0,6.7,88858.0,61982834.0,0.8264377866666667,0,0,0,1,1,0,0,0,0,0,0,0,0,0,0,0,0,0,0,0
80000000.0,245676146.0,6,138.0,7.3,331618.0,165676146.0,2.070951825,0,0,0,1,0,0,0,0,0,0,0,0,0,0,0,0,0,1,0,0
80000000.0,177977226.0,11,93.0,5.3,79581.0,97977226.0,1.224715325,0,1,0,0,0,0,0,0,0,0,0,0,0,0,0,0,1,0,0,0
85000000.0,252712101.0,6,93.0,7.3,188044.0,167712101.0,1.973083541176471,1,0,0,0,0,0,1,0,0,0,0,0,0,0,0,0,0,0,0,0
85000000.0,315156409.0,7,124.0,6.5,170035.0,230156409.0,2.7077224588235294,0,0,0,1,1,0,0,0,0,0,0,0,0,0,0,0,0,0,0,0
90000000.0,589390539.0,7,98.0,7.3,486947.0,499390539.0,5.548783766666666,0,0,1,0,0,0,0,0,0,0,0,0,0,0,0,0,0,1,0,0
90000000.0,171120329.0,7,150.0,7.4,239569.0,81120329.0,0.9013369888888888,0,1,0,0,0,0,0,0,0,0,0,0,0,0,0,0,1,0,0,0
110000000.0,333011068.0,12,119.0,6.5,171081.0,223011068.0,2.0273733454545453,0,0,1,0,1,0,0,0,0,0,0,0,0,0,0,0,0,0,0,0
160000000.0,238200000.0,6,125.0,7.8,978389.0,78200000.0,0.48875,0,0,1,0,1,0,0,0,0,0,0,0,0,0,0,0,0,0,0,0
23000000.0,369884651.0,7,119.0,7.1,278096.0,346884651.0,15.081941347826088,0,0,0,1,0,0,0,0,0,0,0,0,0,0,0,1,0,0,0,0
23000000.0,185991646.0,11,90.0,6.1,140363.0,162991646.0,7.086593304347826,0,0,1,0,0,0,0,1,0,0,0,0,0,0,0,0,0,0,0,0
25000000.0,289317794.0,12,122.0,7.1,203939.0,264317794.0,10.57271176,0,0,0,1,0,0,0,0,0,0,0,0,1,0,0,0,0,0,0,0
30000000.0,100491683.0,11,79.0,5.9,17025.0,70491683.0,2.3497227666666665,1,0,0,0,0,0,1,0,0,0,0,0,0,0,0,0,0,0,0,0
33000000.0,244386864.0,9,98.0,7.0,224449.0,211386864.0,6.405662545454545,0,0,1,0,0,0,0,1,0,0,0,0,0,0,0,0,0,0,0,0
50000000.0,159700000.0,12,124.0,6.8,56910.0,109700000.0,2.194,0,0,1,0,0,0,0,0,0,1,0,0,0,0,0,0,0,0,0,0
50000000.0,202292902.0,12,115.0,6.8,97429.0,152292902.0,3.04585804,0,0,1,0,0,0,0,0,0,1,0,0,0,0,0,0,0,0,0,0
60000000.0,264118201.0,6,103.0,8.1,859224.0,204118201.0,3.4019700166666667,0,1,0,0,0,0,0,1,0,0,0,0,0,0,0,0,0,0,0,0
65000000.0,250821495.0,12,119.0,6.6,180707.0,185821495.0,2.8587922307692306,0,1,0,0,0,0,0,0,0,0,0,0,0,0,0,1,0,0,0,0
70000000.0,481840909.0,7,169.0,8.6,1140752.0,411840909.0,5.8834415571428575,0,0,0,1,0,0,0,0,0,0,0,0,0,0,0,0,0,0,1,0
70000000.0,218613188.0,12,99.0,7.1,110340.0,148613188.0,2.123045542857142,0,1,0,0,0,0,1,0,0,0,0,0,0,0,0,0,0,0,0,0
71000000.0,294456605.0,6,85.0,5.4,87146.0,223456605.0,3.147276126760564,0,0,1,0,0,0,0,0,0,0,1,0,0,0,0,0,0,0,0,0
75000000.0,140464664.0,5,120.0,6.2,153606.0,65464664.0,0.8728621866666667,0,0,1,0,0,0,0,0,0,1,0,0,0,0,0,0,0,0,0,0
90000000.0,304320254.0,6,88.0,7.6,229669.0,214320254.0,2.381336155555556,1,0,0,0,0,0,1,0,0,0,0,0,0,0,0,0,0,0,0,0
90000000.0,250649836.0,11,132.0,7.3,216789.0,160649836.0,1.7849981777777777,0,0,0,1,0,0,0,0,0,0,0,0,0,0,0,0,0,1,0,0
95000000.0,250288523.0,7,136.0,6.7,159093.0,155288523.0,1.6346160315789473,0,0,1,0,1,0,0,0,0,0,0,0,0,0,0,0,0,0,0,0
120000000.0,363258859.0,11,95.0,7.2,251436.0,243258859.0,2.027157158333333,1,0,0,0,0,0,1,0,0,0,0,0,0,0,0,0,0,0,0,0
130000000.0,379014294.0,5,139.0,5.4,174600.0,249014294.0,1.9154945692307688,0,0,1,0,0,0,0,0,0,0,0,0,0,0,0,0,0,1,0,0
140000000.0,553799566.0,7,151.0,6.7,376785.0,413799566.0,2.9557111857142857,0,0,1,0,0,0,0,0,0,0,0,0,0,0,0,0,1,0,0,0
140000000.0,285444603.0,7,127.0,6.6,145685.0,145444603.0,1.0388900214285717,0,0,0,1,0,0,0,1,0,0,0,0,0,0,0,0,0,0,0,0
11000000.0,235483004.0,7,95.0,7.0,357670.0,224483004.0,20.40754581818182,0,0,0,1,0,0,0,1,0,0,0,0,0,0,0,0,0,0,0,0
15000000.0,356296601.0,9,122.0,8.3,1007472.0,341296601.0,22.753106733333333,0,0,0,1,0,0,0,0,0,1,0,0,0,0,0,0,0,0,0,0
34200000.0,234801895.0,6,93.0,6.4,188280.0,200601895.0,5.865552485380117,0,0,1,0,0,0,0,1,0,0,0,0,0,0,0,0,0,0,0,0
40000000.0,672806292.0,8,107.0,8.1,860079.0,632806292.0,15.8201573,0,0,1,0,0,0,0,0,0,0,0,0,0,0,0,0,0,1,0,0
42000000.0,363889678.0,5,124.0,7.1,251006.0,321889678.0,7.664039952380953,0,0,1,0,0,0,0,0,0,0,0,0,0,0,0,1,0,0,0,0
60000000.0,149705852.0,6,116.0,6.3,49909.0,89705852.0,1.4950975333333334,0,0,0,1,0,0,0,0,0,0,0,0,0,0,0,0,0,1,0,0
60000000.0,284600000.0,12,189.0,8.6,1046936.0,224600000.0,3.743333333333333,0,0,0,1,0,0,0,0,0,0,0,1,0,0,0,0,0,0,0,0
63000000.0,463517383.0,3,136.0,8.7,1550148.0,400517383.0,6.357418777777778,0,0,0,1,0,0,0,0,0,0,0,0,0,0,0,0,1,0,0,0
70000000.0,309457509.0,7,116.0,5.5,88557.0,239457509.0,3.4208215571428573,0,1,0,0,0,0,0,0,0,0,0,0,0,0,0,1,0,0,0,0
70000000.0,177841558.0,9,105.0,6.5,67389.0,107841558.0,1.5405936857142857,0,0,0,1,0,0,0,0,1,0,0,0,0,0,0,0,0,0,0,0
80000000.0,176885658.0,3,103.0,6.7,139603.0,96885658.0,1.211070725,0,0,0,1,0,0,0,1,0,0,0,0,0,0,0,0,0,0,0,0
80000000.0,415885488.0,4,124.0,7.0,372009.0,335885488.0,4.1985686,0,0,1,0,0,1,0,0,0,0,0,0,0,0,0,0,0,0,0,0
90000000.0,497366869.0,10,92.0,7.9,489299.0,407366869.0,4.526298544444445,1,0,0,0,0,0,1,0,0,0,0,0,0,0,0,0,0,0,0,0
115000000.0,924317558.0,5,136.0,6.5,667362.0,809317558.0,7.037543982608696,0,1,0,0,0,0,0,0,0,0,0,0,0,0,0,0,1,0,0,0
133000000.0,300135367.0,12,84.0,5.9,117811.0,167135367.0,1.2566568947368422,0,1,0,0,0,0,0,0,0,0,1,0,0,0,0,0,0,0,0,0
135000000.0,361832400.0,11,128.0,7.4,545440.0,226832400.0,1.68024,0,0,1,0,0,1,0,0,0,0,0,0,0,0,0,0,0,0,0,0
150000000.0,448000000.0,6,88.0,7.3,187724.0,298000000.0,1.9866666666666664,0,1,0,0,0,0,1,0,0,0,0,0,0,0,0,0,0,0,0,0
170000000.0,222104681.0,6,106.0,4.9,146265.0,52104681.0,0.3064981235294117,0,0,1,0,0,0,0,0,0,0,0,0,0,0,0,0,0,0,0,1
17000000.0,213525736.0,10,120.0,7.8,242878.0,196525736.0,11.560337411764706,0,0,1,0,0,0,0,0,0,0,0,0,0,0,0,1,0,0,0,0
19000000.0,278019771.0,7,88.0,6.2,219032.0,259019771.0,13.63261952631579,0,0,0,1,0,0,0,1,0,0,0,0,0,0,0,0,0,0,0,0
30000000.0,173959438.0,5,98.0,5.1,77180.0,143959438.0,4.798647933333333,0,0,1,0,0,0,0,0,1,0,0,0,0,0,0,0,0,0,0,0
30000000.0,136706683.0,9,113.0,7.8,186997.0,106706683.0,3.556889433333333,0,1,0,0,0,0,0,0,0,1,0,0,0,0,0,0,0,0,0,0
45000000.0,224834564.0,6,84.0,7.0,167036.0,179834564.0,3.996323644444444,1,0,0,0,0,0,0,1,0,0,0,0,0,0,0,0,0,0,0,0
48000000.0,207515725.0,12,147.0,7.6,188060.0,159515725.0,3.3232442708333334,0,0,0,1,0,0,0,0,0,1,0,0,0,0,0,0,0,0,0,0
52000000.0,256271286.0,3,131.0,7.3,161958.0,204271286.0,3.928293961538461,0,0,0,1,0,0,0,0,0,1,0,0,0,0,0,0,0,0,0,0
55000000.0,330444045.0,10,108.0,7.0,296549.0,275444045.0,5.008073545454545,0,0,1,0,0,0,0,1,0,0,0,0,0,0,0,0,0,0,0,0
70000000.0,374111707.0,12,127.0,6.4,182948.0,304111707.0,4.344452957142857,0,0,1,0,0,0,0,1,0,0,0,0,0,0,0,0,0,0,0,0
75000000.0,296339527.0,7,104.0,7.4,545440.0,221339527.0,2.9511936933333334,0,0,1,0,0,1,0,0,0,0,0,0,0,0,0,0,0,0,0,0
84000000.0,123307945.0,7,106.0,4.4,46222.0,39307945.0,0.4679517261904762,0,0,1,0,0,0,0,1,0,0,0,0,0,0,0,0,0,0,0,0
90000000.0,429632142.0,12,143.0,7.8,482899.0,339632142.0,3.773690466666667,0,0,1,0,0,0,0,0,0,1,0,0,0,0,0,0,0,0,0,0
92000000.0,264105545.0,11,98.0,5.5,166141.0,172105545.0,1.870712445652174,0,0,1,0,0,0,0,1,0,0,0,0,0,0,0,0,0,0,0,0
100000000.0,155464351.0,7,130.0,6.6,111917.0,55464351.0,0.55464351,0,0,1,0,0,0,0,0,0,1,0,0,0,0,0,0,0,0,0,0
103000000.0,457640427.0,5,155.0,8.5,1243670.0,354640427.0,3.4431109417475727,0,0,0,1,1,0,0,0,0,0,0,0,0,0,0,0,0,0,0,0
110000000.0,215294342.0,6,165.0,7.2,241120.0,105294342.0,0.9572212909090908,0,0,0,1,0,0,0,0,0,0,0,0,1,0,0,0,0,0,0,0
120000000.0,325756637.0,3,130.0,6.4,148948.0,205756637.0,1.7146386416666666,0,0,1,0,0,0,0,0,0,1,0,0,0,0,0,0,0,0,0,0
123000000.0,345141403.0,11,104.0,6.1,186192.0,222141403.0,1.8060276666666664,0,1,0,0,0,0,0,0,0,0,1,0,0,0,0,0,0,0,0,0
125000000.0,546388105.0,5,123.0,6.1,296109.0,421388105.0,3.37110484,0,0,1,0,0,1,0,0,0,0,0,0,0,0,0,0,0,0,0,0
127500000.0,354248063.0,5,82.0,6.5,48922.0,226748063.0,1.7784161803921568,0,1,0,0,0,0,1,0,0,0,0,0,0,0,0,0,0,0,0,0
30000000.0,287553595.0,8,108.0,6.4,228537.0,257553595.0,8.585119833333334,0,0,0,1,0,0,0,1,0,0,0,0,0,0,0,0,0,0,0,0
35000000.0,147934180.0,3,88.0,5.4,101720.0,112934180.0,3.226690857142857,0,1,0,0,0,0,0,0,0,0,1,0,0,0,0,0,0,0,0,0
37000000.0,165335153.0,8,115.0,6.3,118754.0,128335153.0,3.468517648648649,1,0,0,0,0,0,0,0,0,0,0,0,0,0,0,1,0,0,0,0
38000000.0,207283925.0,6,106.0,6.8,327057.0,169283925.0,4.454840131578948,0,0,1,0,0,0,0,0,1,0,0,0,0,0,0,0,0,0,0,0
60000000.0,484409218.0,5,90.0,7.8,574978.0,424409218.0,7.073486966666667,0,1,0,0,0,0,1,0,0,0,0,0,0,0,0,0,0,0,0,0
60000000.0,313542341.0,12,135.0,8.2,788060.0,253542341.0,4.2257056833333335,0,0,1,0,0,0,0,0,0,1,0,0,0,0,0,0,0,0,0,0
68000000.0,203388341.0,12,136.0,6.9,237238.0,135388341.0,1.9910050147058824,0,0,0,1,0,0,0,0,0,0,0,0,0,0,1,0,0,0,0,0
70000000.0,176104344.0,6,87.0,4.7,39656.0,106104344.0,1.515776342857143,0,1,0,0,0,0,0,1,0,0,0,0,0,0,0,0,0,0,0,0
85000000.0,450717150.0,12,116.0,7.8,482386.0,365717150.0,4.302554705882353,0,0,1,0,0,0,0,0,0,0,0,0,0,0,0,0,0,1,0,0
87000000.0,351692268.0,2,131.0,6.8,240535.0,264692268.0,3.042439862068965,0,0,1,0,0,0,0,0,0,0,0,0,0,0,0,0,0,1,0,0
90000000.0,347325802.0,8,90.0,6.6,188755.0,257325802.0,2.8591755777777776,0,0,1,0,0,0,0,1,0,0,0,0,0,0,0,0,0,0,0,0
92000000.0,172989651.0,12,144.0,7.7,345280.0,80989651.0,0.8803222934782609,0,0,0,1,0,0,0,0,0,0,0,0,0,0,0,0,0,0,1,0
93000000.0,368780809.0,7,92.0,7.4,985292.0,275780809.0,2.9653850430107527,0,0,1,0,0,1,0,0,0,0,0,0,0,0,0,0,0,0,0,0
93000000.0,871368364.0,12,178.0,8.8,1545228.0,778368364.0,8.369552301075268,0,0,1,0,0,0,0,0,0,0,0,1,0,0,0,0,0,0,0,0
98000000.0,433013274.0,4,130.0,6.3,287749.0,335013274.0,3.418502795918368,0,0,1,0,0,1,0,0,0,0,0,0,0,0,0,0,0,0,0,0
100000000.0,362211740.0,7,119.0,5.7,203564.0,262211740.0,2.6221174,0,0,1,0,0,0,0,0,0,0,0,0,0,0,0,0,1,0,0,0
115000000.0,274703340.0,6,100.0,5.8,188607.0,159703340.0,1.388724695652174,0,0,1,0,0,1,0,0,0,0,0,0,0,0,0,0,0,0,0,0
115000000.0,562816256.0,11,92.0,8.0,758349.0,447816256.0,3.8940544,1,0,0,0,0,0,0,1,0,0,0,0,0,0,0,0,0,0,0,0
125000000.0,975100000.0,11,152.0,7.6,583224.0,850100000.0,6.8008,0,1,0,0,0,0,0,0,0,0,0,1,0,0,0,0,0,0,0,0
140000000.0,449220945.0,5,183.0,6.2,297066.0,309220945.0,2.208721035714286,0,0,1,0,0,0,0,0,0,0,0,0,0,0,0,0,0,0,1,0
5000000.0,368744044.0,2,95.0,6.5,114907.0,363744044.0,72.7488088,0,1,0,0,0,0,0,1,0,0,0,0,0,0,0,0,0,0,0,0
30000000.0,180622424.0,9,108.0,6.2,96978.0,150622424.0,5.020747466666666,0,0,1,0,0,0,0,0,0,0,0,0,0,0,0,1,0,0,0,0
48000000.0,249348933.0,10,115.0,7.1,303397.0,201348933.0,4.1947694375,0,0,1,0,0,0,0,0,0,0,0,0,0,1,0,0,0,0,0,0
50000000.0,171269535.0,6,96.0,5.8,129182.0,121269535.0,2.4253907,0,0,1,0,0,0,0,1,0,0,0,0,0,0,0,0,0,0,0,0
59000000.0,383257136.0,3,81.0,7.5,411963.0,324257136.0,5.495883661016949,0,1,0,0,0,0,1,0,0,0,0,0,0,0,0,0,0,0,0,0
60000000.0,214034224.0,6,119.0,7.9,481712.0,154034224.0,2.567237066666667,0,0,1,0,1,0,0,0,0,0,0,0,0,0,0,0,0,0,0,0
63000000.0,296655431.0,7,94.0,6.2,186825.0,233655431.0,3.708816365079365,0,0,1,0,0,0,0,0,0,0,0,0,0,0,0,0,1,0,0,0
65000000.0,172855065.0,10,104.0,5.6,45755.0,107855065.0,1.6593086923076923,1,0,0,0,0,0,0,0,0,0,1,0,0,0,0,0,0,0,0,0
70000000.0,277448382.0,8,124.0,5.9,167855.0,207448382.0,2.963548314285714,0,0,1,0,0,1,0,0,0,0,0,0,0,0,0,0,0,0,0,0
72000000.0,408247917.0,8,106.0,6.7,321975.0,336247917.0,4.670109958333334,0,0,1,0,0,0,0,0,0,0,0,0,0,0,0,0,1,0,0,0
79000000.0,926287400.0,12,179.0,8.7,1383826.0,847287400.0,10.725156962025316,0,0,1,0,0,0,0,0,0,0,0,1,0,0,0,0,0,0,0,0
80000000.0,145771527.0,6,85.0,6.7,351725.0,65771527.0,0.8221440875,0,1,0,0,0,0,1,0,0,0,0,0,0,0,0,0,0,0,0,0
84000000.0,275650703.0,6,88.0,5.0,90185.0,191650703.0,2.281555988095238,0,1,0,0,0,0,0,0,0,0,0,0,0,0,1,0,0,0,0,0
100000000.0,876688482.0,11,161.0,7.4,505027.0,776688482.0,7.76688482,0,1,0,0,0,0,0,0,0,0,0,1,0,0,0,0,0,0,0,0
102000000.0,358372926.0,6,145.0,7.6,477892.0,256372926.0,2.5134600588235294,0,0,1,0,0,0,0,0,0,0,0,0,0,0,0,0,1,0,0,0
120000000.0,649398328.0,5,142.0,6.6,587304.0,529398328.0,4.411652733333334,0,0,1,0,0,0,0,0,0,0,0,0,0,0,0,0,1,0,0,0
139000000.0,821708551.0,5,121.0,7.3,652224.0,682708551.0,4.911572309352518,0,0,1,0,0,0,0,0,0,0,0,1,0,0,0,0,0,0,0,0
140000000.0,441800000.0,7,88.0,7.4,489354.0,301800000.0,2.1557142857142857,0,0,1,0,1,0,0,0,0,0,0,0,0,0,0,0,0,0,0,0
140000000.0,431971116.0,11,133.0,6.1,194441.0,291971116.0,2.085507971428572,0,0,1,0,0,1,0,0,0,0,0,0,0,0,0,0,0,0,0,0
20000000.0,132675402.0,3,105.0,5.6,33619.0,112675402.0,5.6337701,0,0,1,0,0,0,0,1,0,0,0,0,0,0,0,0,0,0,0,0
32000000.0,173398518.0,10,97.0,6.9,194453.0,141398518.0,4.4187036875,0,1,0,0,0,0,0,1,0,0,0,0,0,0,0,0,0,0,0,0
38000000.0,197011982.0,7,84.0,4.2,50809.0,159011982.0,4.184525842105264,0,1,0,0,0,0,0,0,0,0,1,0,0,0,0,0,0,0,0,0
40000000.0,190212113.0,12,98.0,5.8,88445.0,150212113.0,3.755302825,0,1,0,0,0,0,0,1,0,0,0,0,0,0,0,0,0,0,0,0
75000000.0,195745823.0,4,106.0,6.2,194353.0,120745823.0,1.6099443066666668,0,0,1,0,0,0,0,1,0,0,0,0,0,0,0,0,0,0,0,0
76000000.0,236350661.0,6,107.0,5.9,236645.0,160350661.0,2.1098771184210525,0,0,1,0,0,0,0,0,0,0,0,0,0,0,0,0,0,1,0,0
80000000.0,484572835.0,5,101.0,6.7,351725.0,404572835.0,5.0571604375,0,0,1,0,0,0,0,1,0,0,0,0,0,0,0,0,0,0,0,0
80000000.0,116643346.0,8,117.0,6.0,132856.0,36643346.0,0.458041825,0,0,1,0,0,0,0,0,1,0,0,0,0,0,0,0,0,0,0,0
80000000.0,266728738.0,12,128.0,6.7,105201.0,186728738.0,2.334109225,0,0,1,0,0,0,0,0,0,1,0,0,0,0,0,0,0,0,0,0
87000000.0,148336445.0,7,141.0,7.3,63813.0,61336445.0,0.7050166091954023,0,0,1,0,0,0,0,0,0,1,0,0,0,0,0,0,0,0,0,0
94000000.0,940335536.0,5,100.0,8.1,887773.0,846335536.0,9.003569531914893,1,0,0,0,0,0,1,0,0,0,0,0,0,0,0,0,0,0,0,0
94000000.0,1118888979.0,12,201.0,8.9,1529953.0,1024888979.0,10.903074244680852,0,0,1,0,0,0,0,0,0,0,0,1,0,0,0,0,0,0,0,0
110000000.0,407700000.0,5,133.0,7.4,489354.0,297700000.0,2.7063636363636365,0,0,1,0,1,0,0,0,0,0,0,0,0,0,0,0,0,0,0,0
130000000.0,273339556.0,7,147.0,6.6,210294.0,143339556.0,1.1026119692307692,0,0,0,1,0,0,0,1,0,0,0,0,0,0,0,0,0,0,0,0
137000000.0,245360480.0,6,138.0,5.6,242722.0,108360480.0,0.7909524087591241,0,0,1,0,0,0,0,0,0,0,0,0,0,0,0,0,1,0,0,0
140000000.0,655011224.0,7,143.0,8.0,976208.0,515011224.0,3.6786516,0,0,1,0,0,1,0,0,0,0,0,0,0,0,0,0,0,0,0,0
140000000.0,456758981.0,12,154.0,7.7,376039.0,316758981.0,2.26256415,0,0,0,1,0,0,0,0,0,0,0,0,0,0,0,0,0,0,1,0
150000000.0,738599701.0,5,138.0,7.2,487328.0,588599701.0,3.923998006666667,0,0,0,1,0,0,0,0,0,0,0,0,0,0,0,0,1,0,0,0
150000000.0,424988211.0,11,129.0,6.7,423134.0,274988211.0,1.83325474,0,0,0,1,0,0,0,0,0,0,0,0,0,0,0,0,1,0,0,0
200000000.0,435000000.0,7,109.0,6.3,357127.0,235000000.0,1.175,0,0,0,1,0,0,0,0,0,0,0,0,0,0,0,0,0,1,0,0
6000000.0,119114517.0,6,122.0,7.5,123244.0,113114517.0,18.8524195,0,0,0,1,0,0,0,0,0,1,0,0,0,0,0,0,0,0,0,0
20000000.0,167722310.0,6,92.0,6.1,232864.0,147722310.0,7.3861155,0,0,1,0,0,0,0,1,0,0,0,0,0,0,0,0,0,0,0,0
30000000.0,611899420.0,2,127.0,7.1,203486.0,581899420.0,19.39664733333333,0,0,0,1,0,0,0,0,0,1,0,0,0,0,0,0,0,0,0,0
60000000.0,256697520.0,7,108.0,6.5,231358.0,196697520.0,3.278292,0,0,1,0,0,0,0,0,0,1,0,0,0,0,0,0,0,0,0,0
75000000.0,196482882.0,2,99.0,6.8,308950.0,121482882.0,1.61977176,0,0,1,0,0,0,0,1,0,0,0,0,0,0,0,0,0,0,0,0
75000000.0,288500217.0,7,108.0,7.7,412796.0,213500217.0,2.84666956,0,0,1,0,1,0,0,0,0,0,0,0,0,0,0,0,0,0,0,0
75000000.0,367275019.0,9,90.0,6.0,157494.0,292275019.0,3.897000253333333,0,1,0,0,0,0,1,0,0,0,0,0,0,0,0,0,0,0,0,0
80000000.0,516642939.0,12,115.0,6.3,241144.0,436642939.0,5.4580367375,0,0,1,0,0,0,0,1,0,0,0,0,0,0,0,0,0,0,0,0
92000000.0,631442092.0,11,115.0,8.0,617102.0,539442092.0,5.863501,0,1,0,0,0,0,1,0,0,0,0,0,0,0,0,0,0,0,0,0
100000000.0,347451894.0,11,131.0,6.8,289084.0,247451894.0,2.47451894,0,1,0,0,0,0,0,0,0,0,0,0,0,0,1,0,0,0,0,0
110000000.0,362744280.0,12,125.0,6.5,337180.0,252744280.0,2.2976752727272727,0,0,1,0,0,0,0,0,0,0,0,0,0,0,0,0,0,1,0,0
120000000.0,347234916.0,7,115.0,7.1,472748.0,227234916.0,1.8936243,0,0,1,0,0,0,0,0,0,0,0,0,0,0,0,0,1,0,0,0
125000000.0,544272402.0,5,124.0,6.4,393340.0,419272402.0,3.354179216,0,0,1,0,1,0,0,0,0,0,0,0,0,0,0,0,0,0,0,0
130000000.0,789804554.0,5,141.0,7.9,501648.0,659804554.0,5.075419646153846,0,1,0,0,0,0,0,0,0,0,0,1,0,0,0,0,0,0,0,0
140000000.0,209073645.0,12,108.0,6.8,187021.0,69073645.0,0.4933831785714285,0,1,0,0,0,0,0,1,0,0,0,0,0,0,0,0,0,0,0,0
150000000.0,919838758.0,5,93.0,7.2,391295.0,769838758.0,5.132258386666667,0,1,0,0,0,0,1,0,0,0,0,0,0,0,0,0,0,0,0,0
160000000.0,300257475.0,5,132.0,6.1,232864.0,140257475.0,0.87660921875,0,0,1,0,0,0,0,0,0,0,0,0,0,1,0,0,0,0,0,0
165000000.0,305875730.0,11,100.0,6.6,158237.0,140875730.0,0.8537923030303031,1,0,0,0,0,0,1,0,0,0,0,0,0,0,0,0,0,0,0,0
175000000.0,497409852.0,5,163.0,7.2,460689.0,322409852.0,1.8423420114285716,0,0,0,1,0,0,0,0,0,0,0,0,0,0,0,0,0,0,1,0
200000000.0,783766341.0,6,127.0,7.3,511447.0,583766341.0,2.918831705,0,0,1,0,1,0,0,0,0,0,0,0,0,0,0,0,0,0,0,0
26000000.0,109449237.0,8,116.0,7.7,500448.0,83449237.0,3.2095860384615387,0,0,0,1,0,0,0,1,0,0,0,0,0,0,0,0,0,0,0,0
28000000.0,186438883.0,9,136.0,7.8,218317.0,158438883.0,5.658531535714285,0,0,1,0,0,0,0,0,0,1,0,0,0,0,0,0,0,0,0,0
40000000.0,285176741.0,7,119.0,6.9,318291.0,245176741.0,6.129418525,0,0,0,1,0,0,0,1,0,0,0,0,0,0,0,0,0,0,0,0
55000000.0,223387299.0,9,98.0,6.3,145570.0,168387299.0,3.0615872545454543,0,0,1,0,0,0,0,0,0,0,0,0,0,0,0,0,0,1,0,0
56000000.0,113006880.0,3,95.0,5.6,82064.0,57006880.0,1.01798,0,1,0,0,0,0,0,1,0,0,0,0,0,0,0,0,0,0,0,0
70000000.0,368100420.0,2,118.0,6.6,282005.0,298100420.0,4.258577428571429,0,0,1,0,0,0,0,1,0,0,0,0,0,0,0,0,0,0,0,0
75000000.0,260696994.0,3,91.0,6.3,124743.0,185696994.0,2.47595992,0,1,0,0,0,0,1,0,0,0,0,0,0,0,0,0,0,0,0,0
75000000.0,532680671.0,5,86.0,6.9,340576.0,457680671.0,6.102408946666666,0,1,0,0,0,0,1,0,0,0,0,0,0,0,0,0,0,0,0,0
82000000.0,190320568.0,5,113.0,6.4,153016.0,108320568.0,1.3209825365853658,0,0,1,0,0,0,0,0,0,1,0,0,0,0,0,0,0,0,0,0
100000000.0,330579719.0,6,106.0,5.7,300723.0,230579719.0,2.30579719,0,0,1,0,1,0,0,0,0,0,0,0,0,0,0,0,0,0,0,0
100000000.0,202026112.0,12,90.0,6.1,126990.0,102026112.0,1.02026112,0,0,1,0,0,0,0,1,0,0,0,0,0,0,0,0,0,0,0,0
110000000.0,478207520.0,6,120.0,6.7,150380.0,368207520.0,3.347341090909091,0,0,1,0,0,0,0,1,0,0,0,0,0,0,0,0,0,0,0,0
113000000.0,850000000.0,5,140.0,7.5,653713.0,737000000.0,6.522123893805309,0,0,1,0,0,0,0,0,0,0,0,0,0,0,0,0,1,0,0,0
132000000.0,591739379.0,6,116.0,6.5,394088.0,459739379.0,3.4828740833333334,0,0,1,0,0,0,0,0,0,0,0,0,0,0,0,0,1,0,0,0
150000000.0,374218673.0,6,140.0,8.2,1222163.0,224218673.0,1.4947911533333331,0,0,1,0,1,0,0,0,0,0,0,0,0,0,0,0,0,0,0,0
150000000.0,474968763.0,7,115.0,6.6,397238.0,324968763.0,2.16645842,0,1,0,0,0,0,0,0,0,0,1,0,0,0,0,0,0,0,0,0
150000000.0,314432665.0,11,81.0,5.7,80293.0,164432665.0,1.0962177666666666,1,0,0,0,0,0,1,0,0,0,0,0,0,0,0,0,0,0,0,0
150000000.0,895921036.0,11,157.0,7.7,500448.0,745921036.0,4.9728069066666665,0,0,1,0,0,0,0,0,0,0,0,1,0,0,0,0,0,0,0,0
180000000.0,748806957.0,12,143.0,6.9,345525.0,568806957.0,3.16003865,0,1,0,0,0,0,0,0,0,0,0,1,0,0,0,0,0,0,0,0
207000000.0,550000000.0,12,187.0,7.2,372684.0,343000000.0,1.6570048309178744,0,0,1,0,0,1,0,0,0,0,0,0,0,0,0,0,0,0,0,0
18000000.0,261572744.0,11,82.0,7.3,336918.0,243572744.0,13.531819111111112,0,0,0,1,0,0,0,1,0,0,0,0,0,0,0,0,0,0,0,0
35000000.0,326551094.0,6,109.0,6.9,346453.0,291551094.0,8.330031257142856,0,0,1,0,0,0,0,1,0,0,0,0,0,0,0,0,0,0,0,0
45000000.0,178262620.0,4,83.0,5.0,108367.0,133262620.0,2.961391555555556,0,0,1,0,0,0,0,1,0,0,0,0,0,0,0,0,0,0,0,0
52000000.0,204999686.0,6,106.0,5.8,119027.0,152999686.0,2.9423016538461537,0,0,1,0,0,0,0,0,0,0,0,0,0,0,0,1,0,0,0,0
55000000.0,307077295.0,12,117.0,8.0,414068.0,252077295.0,4.583223545454546,0,0,1,0,0,0,0,0,0,1,0,0,0,0,0,0,0,0,0,0
70000000.0,154937680.0,12,134.0,6.5,65268.0,84937680.0,1.2133954285714286,0,0,1,0,0,0,0,0,0,1,0,0,0,0,0,0,0,0,0,0
72500000.0,162966177.0,8,116.0,6.6,157099.0,90466177.0,1.2478093379310344,0,0,1,0,0,0,0,1,0,0,0,0,0,0,0,0,0,0,0,0
80000000.0,660940780.0,3,91.0,6.8,240160.0,580940780.0,7.26175975,0,1,0,0,0,0,1,0,0,0,0,0,0,0,0,0,0,0,0,0
80000000.0,343397247.0,4,83.0,6.7,150380.0,263397247.0,3.2924655875,0,1,0,0,0,0,1,0,0,0,0,0,0,0,0,0,0,0,0,0
82500000.0,237681299.0,6,107.0,6.4,288262.0,155181299.0,1.8809854424242425,0,0,1,0,0,0,0,1,0,0,0,0,0,0,0,0,0,0,0,0
90000000.0,289847354.0,10,151.0,8.5,1101383.0,199847354.0,2.2205261555555555,0,0,0,1,0,0,0,0,0,1,0,0,0,0,0,0,0,0,0,0
100000000.0,384335608.0,11,108.0,6.4,160365.0,284335608.0,2.84335608,0,1,0,0,0,0,1,0,0,0,0,0,0,0,0,0,0,0,0,0
110000000.0,574480841.0,10,108.0,6.4,292901.0,464480841.0,4.2225531,0,1,0,0,0,0,0,0,0,0,1,0,0,0,0,0,0,0,0,0
120000000.0,461983149.0,6,117.0,7.1,338715.0,341983149.0,2.849859575,1,0,0,0,0,0,1,0,0,0,0,0,0,0,0,0,0,0,0,0
125000000.0,767820459.0,5,149.0,6.6,378434.0,642820459.0,5.142563672,0,0,1,0,0,0,0,0,0,0,0,0,0,0,1,0,0,0,0,0
150000000.0,397850012.0,5,126.0,6.9,311936.0,247850012.0,1.6523334133333334,0,0,1,0,0,1,0,0,0,0,0,0,0,0,0,0,0,0,0,0
150000000.0,599045960.0,11,144.0,8.0,546930.0,449045960.0,2.9936397333333336,0,0,1,0,0,0,0,0,0,0,0,0,0,0,0,0,0,1,0,0
200000000.0,1065659812.0,6,151.0,7.3,622392.0,865659812.0,4.32829906,0,0,1,0,0,1,0,0,0,0,0,0,0,0,0,0,0,0,0,0
210000000.0,459359555.0,5,104.0,6.7,461302.0,249359555.0,1.1874264523809523,0,0,1,0,1,0,0,0,0,0,0,0,0,0,0,0,0,0,0,0
270000000.0,391081192.0,6,154.0,6.0,262915.0,121081192.0,0.4484488592592592,0,0,1,0,1,0,0,0,0,0,0,0,0,0,0,0,0,0,0,0
7500000.0,231411584.0,12,96.0,7.4,471466.0,223911584.0,29.854877866666666,0,0,1,0,0,0,0,1,0,0,0,0,0,0,0,0,0,0,0,0
30000000.0,219076518.0,6,129.0,6.9,335994.0,189076518.0,6.3025506,0,0,0,1,0,0,0,1,0,0,0,0,0,0,0,0,0,0,0,0
60000000.0,253625427.0,3,100.0,5.8,110340.0,193625427.0,3.22709045,0,0,1,0,0,0,0,1,0,0,0,0,0,0,0,0,0,0,0,0
60000000.0,454161935.0,3,155.0,8.1,681249.0,394161935.0,6.569365583333333,0,0,0,1,1,0,0,0,0,0,0,0,0,0,0,0,0,0,0,0
60000000.0,361366633.0,12,92.0,5.2,71035.0,301366633.0,5.022777216666666,0,1,0,0,0,0,0,0,0,0,1,0,0,0,0,0,0,0,0,0
70000000.0,442824138.0,8,115.0,8.0,584584.0,372824138.0,5.326059114285714,0,0,1,0,1,0,0,0,0,0,0,0,0,0,0,0,0,0,0,0
75000000.0,527068851.0,7,87.0,7.3,296295.0,452068851.0,6.02758468,0,0,1,0,0,0,0,1,0,0,0,0,0,0,0,0,0,0,0,0
85000000.0,340487652.0,11,107.0,7.0,167752.0,255487652.0,3.005737082352941,0,1,0,0,0,0,0,0,0,0,1,0,0,0,0,0,0,0,0,0
100000000.0,266465037.0,11,157.0,7.8,372553.0,166465037.0,1.66465037,0,0,0,1,0,0,0,0,1,0,0,0,0,0,0,0,0,0,0,0
110000000.0,383531464.0,6,128.0,7.1,375083.0,273531464.0,2.486649672727273,0,0,1,0,0,0,0,0,0,0,0,0,0,0,0,0,0,1,0,0
130000000.0,289047763.0,6,92.0,5.6,241962.0,159047763.0,1.2234443307692309,0,1,0,0,1,0,0,0,0,0,0,0,0,0,0,0,0,0,0,0
130000000.0,457363168.0,12,124.0,6.5,208233.0,327363168.0,2.5181782153846157,0,1,0,0,0,0,0,0,0,0,0,0,0,0,1,0,0,0,0,0
140000000.0,258022233.0,8,91.0,6.2,144312.0,118022233.0,0.84301595,0,0,1,0,0,0,0,1,0,0,0,0,0,0,0,0,0,0,0,0
150000000.0,623722818.0,6,111.0,8.0,594171.0,473722818.0,3.15815212,1,0,0,0,0,0,1,0,0,0,0,0,0,0,0,0,0,0,0,0
150000000.0,709709780.0,6,144.0,7.0,575579.0,559709780.0,3.7313985333333335,0,0,1,0,1,0,0,0,0,0,0,0,0,0,0,0,0,0,0,0
150000000.0,938212738.0,6,138.0,7.5,465046.0,788212738.0,5.254751586666667,0,0,1,0,0,0,0,0,0,0,0,1,0,0,0,0,0,0,0,0
150000000.0,585349010.0,12,101.0,7.2,645359.0,435349010.0,2.902326733333333,0,0,1,0,0,0,0,0,0,1,0,0,0,0,0,0,0,0,0,0
160000000.0,798958165.0,5,93.0,6.0,261818.0,638958165.0,3.99348853125,0,1,0,0,0,0,1,0,0,0,0,0,0,0,0,0,0,0,0,0
258000000.0,890871626.0,5,139.0,6.2,470900.0,632871626.0,2.4529907984496124,0,0,1,0,1,0,0,0,0,0,0,0,0,0,0,0,0,0,0,0
300000000.0,961000000.0,5,169.0,7.1,565402.0,661000000.0,2.203333333333333,0,0,1,0,0,1,0,0,0,0,0,0,0,0,0,0,0,0,0,0
15000000.0,377910544.0,5,120.0,8.0,758215.0,362910544.0,24.194036266666668,0,0,0,1,0,0,0,0,0,1,0,0,0,0,0,0,0,0,0,0
33000000.0,269958228.0,12,116.0,8.1,681249.0,236958228.0,7.180552363636363,0,0,0,1,0,0,0,0,0,1,0,0,0,0,0,0,0,0,0,0
37000000.0,392616625.0,11,122.0,5.2,400765.0,355616625.0,9.611260135135137,0,0,1,0,0,0,0,0,0,0,0,0,0,0,0,1,0,0,0,0
52000000.0,609841637.0,7,108.0,6.4,198801.0,557841637.0,10.72772378846154,0,0,1,0,0,0,0,0,0,0,0,0,0,0,0,1,0,0,0,0
60000000.0,247800000.0,12,115.0,4.7,252223.0,187800000.0,3.13,0,1,0,0,0,0,0,0,0,1,0,0,0,0,0,0,0,0,0,0
65000000.0,415252786.0,5,145.0,5.6,111683.0,350252786.0,5.3885044,0,0,0,1,0,0,0,0,0,1,0,0,0,0,0,0,0,0,0,0
75000000.0,258270008.0,6,110.0,6.7,345360.0,183270008.0,2.4436001066666666,0,0,0,1,0,0,0,0,1,0,0,0,0,0,0,0,0,0,0,0
80000000.0,230685453.0,6,110.0,6.5,192963.0,150685453.0,1.8835681625,0,0,1,0,0,0,0,1,0,0,0,0,0,0,0,0,0,0,0,0
85000000.0,297138014.0,3,88.0,6.8,123219.0,212138014.0,2.4957413411764704,1,0,0,0,0,0,1,0,0,0,0,0,0,0,0,0,0,0,0,0
130000000.0,631744560.0,6,90.0,7.5,390478.0,501744560.0,3.8595735384615386,0,1,0,0,0,0,1,0,0,0,0,0,0,0,0,0,0,0,0,0
140000000.0,585174222.0,4,126.0,7.9,885440.0,445174222.0,3.179815871428572,0,0,1,0,1,0,0,0,0,0,0,0,0,0,0,0,0,0,0,0
150000000.0,163712074.0,6,114.0,6.7,410953.0,13712074.0,0.0914138266666666,0,0,1,0,1,0,0,0,0,0,0,0,0,0,0,0,0,0,0,0
150000000.0,624029371.0,7,92.0,6.4,420160.0,474029371.0,3.1601958066666667,0,0,1,0,0,0,0,0,0,0,0,1,0,0,0,0,0,0,0,0
150000000.0,603900354.0,10,89.0,6.6,189290.0,453900354.0,3.02600236,0,1,0,0,0,0,1,0,0,0,0,0,0,0,0,0,0,0,0,0
150000000.0,333932083.0,11,166.0,7.8,549809.0,183932083.0,1.2262138866666668,0,0,1,0,0,0,0,0,0,0,0,0,0,0,1,0,0,0,0,0
180000000.0,533300000.0,6,97.0,7.6,429384.0,353300000.0,1.9627777777777775,1,0,0,0,0,0,1,0,0,0,0,0,0,0,0,0,0,0,0,0
185000000.0,786636033.0,5,122.0,6.1,400210.0,601636033.0,3.2520866648648648,0,0,1,0,0,1,0,0,0,0,0,0,0,0,0,0,0,0,0,0
185000000.0,1004558444.0,7,152.0,9.0,2127228.0,819558444.0,4.430045643243243,0,0,1,0,1,0,0,0,0,0,0,0,0,0,0,0,0,0,0,0
200000000.0,586090727.0,10,106.0,6.6,382597.0,386090727.0,1.930453635,0,0,1,0,1,0,0,0,0,0,0,0,0,0,0,0,0,0,0,0
225000000.0,419651413.0,5,150.0,6.5,182624.0,194651413.0,0.8651173911111111,0,1,0,0,0,0,0,0,0,0,0,1,0,0,0,0,0,0,0,0
25000000.0,226800000.0,1,90.0,7.6,473121.0,201800000.0,8.072,0,0,1,0,0,0,0,0,0,0,0,0,0,0,0,0,0,1,0,0
26000000.0,183293131.0,1,91.0,5.2,97379.0,157293131.0,6.049735807692308,0,1,0,0,0,0,0,1,0,0,0,0,0,0,0,0,0,0,0,0
29000000.0,309208309.0,11,129.0,7.6,272556.0,280208309.0,9.66235548275862,0,0,0,1,0,0,0,0,0,1,0,0,0,0,0,0,0,0,0,0
35000000.0,459270619.0,6,100.0,7.7,681246.0,424270619.0,12.122017685714283,0,0,0,1,0,0,0,1,0,0,0,0,0,0,0,0,0,0,0,0
40000000.0,317375031.0,6,108.0,6.7,277605.0,277375031.0,6.934375775,0,0,1,0,0,0,0,0,0,0,0,0,0,0,0,1,0,0,0,0
50000000.0,709827462.0,3,130.0,4.7,252223.0,659827462.0,13.19654924,0,0,1,0,0,0,0,0,0,0,0,0,0,0,0,1,0,0,0,0
75000000.0,443140005.0,12,88.0,4.5,40285.0,368140005.0,4.9085334,0,1,0,0,0,0,0,0,0,0,1,0,0,0,0,0,0,0,0,0
85000000.0,363200000.0,4,107.0,8.8,1888105.0,278200000.0,3.272941176470588,0,0,1,0,0,0,0,0,0,0,0,0,0,0,0,0,0,1,0,0
90000000.0,886686817.0,6,94.0,6.9,208859.0,796686817.0,8.852075744444445,0,1,0,0,0,0,1,0,0,0,0,0,0,0,0,0,0,0,0,0
90000000.0,524028679.0,12,128.0,7.6,556227.0,434028679.0,4.822540877777778,0,0,1,0,0,0,0,0,0,0,0,0,0,0,1,0,0,0,0,0
150000000.0,373062864.0,4,107.0,6.6,445334.0,223062864.0,1.48708576,0,0,1,0,1,0,0,0,0,0,0,0,0,0,0,0,0,0,0,0
150000000.0,385680446.0,5,127.0,7.9,561041.0,235680446.0,1.5712029733333333,0,0,1,0,0,0,0,0,0,0,0,0,0,0,0,0,1,0,0,0
150000000.0,413106170.0,5,105.0,6.0,164438.0,263106170.0,1.7540411333333332,0,1,0,0,0,0,0,0,0,0,1,0,0,0,0,0,0,0,0,0
150000000.0,836297228.0,6,150.0,6.0,369460.0,686297228.0,4.575314853333333,0,0,1,0,1,0,0,0,0,0,0,0,0,0,0,0,0,0,0,0
175000000.0,381509870.0,3,94.0,7.7,374981.0,206509870.0,1.1800564,0,1,0,0,0,0,1,0,0,0,0,0,0,0,0,0,0,0,0,0
175000000.0,735099082.0,5,96.0,8.2,867393.0,560099082.0,3.200566182857143,0,1,0,0,0,0,1,0,0,0,0,0,0,0,0,0,0,0,0,0
175000000.0,302469017.0,8,118.0,5.8,192848.0,127469017.0,0.7283943828571429,0,0,1,0,1,0,0,0,0,0,0,0,0,0,0,0,0,0,0,0
200000000.0,769653595.0,10,158.0,4.3,28949.0,569653595.0,2.848267975,0,0,1,0,0,1,0,0,0,0,0,0,0,0,0,0,0,0,0,0
250000000.0,933959197.0,7,153.0,7.6,429384.0,683959197.0,2.735836788,0,1,0,0,0,0,0,0,0,0,0,1,0,0,0,0,0,0,0,0
15000000.0,414211549.0,9,118.0,8.0,603556.0,399211549.0,26.614103266666667,0,0,0,1,0,0,0,0,0,1,0,0,0,0,0,0,0,0,0,0
38000000.0,252276927.0,12,110.0,7.6,289841.0,214276927.0,5.6388665,0,0,1,0,0,0,0,0,0,0,0,0,0,0,0,0,0,0,0,1
40000000.0,357852395.0,6,140.0,6.2,149538.0,317852395.0,7.946309875,0,1,0,0,1,0,0,0,0,0,0,0,0,0,0,0,0,0,0,0
68000000.0,698491347.0,6,124.0,5.0,215110.0,630491347.0,9.271931573529413,0,0,1,0,0,0,0,0,0,0,0,0,0,0,0,1,0,0,0,0
69000000.0,543513985.0,7,95.0,7.6,473121.0,474513985.0,6.877014275362319,0,1,0,0,0,0,1,0,0,0,0,0,0,0,0,0,0,0,0,0
80000000.0,294804195.0,2,138.0,8.1,1033626.0,214804195.0,2.6850524375,0,0,0,1,0,0,0,0,0,1,0,0,0,0,0,0,0,0,0,0
80000000.0,271430189.0,6,102.0,5.9,214850.0,191430189.0,2.3928773625,0,0,1,0,0,0,0,1,0,0,0,0,0,0,0,0,0,0,0,0
100000000.0,310650585.0,12,98.0,5.5,100845.0,210650585.0,2.10650585,0,0,1,0,0,0,0,1,0,0,0,0,0,0,0,0,0,0,0,0
125000000.0,493200000.0,4,108.0,5.8,260054.0,368200000.0,2.9456,0,0,1,0,0,0,0,0,0,0,0,0,0,0,0,0,0,1,0,0
130000000.0,321887208.0,10,95.0,7.2,212563.0,191887208.0,1.4760554461538462,0,1,0,0,0,0,1,0,0,0,0,0,0,0,0,0,0,0,0,0
150000000.0,318502923.0,6,103.0,4.1,139750.0,168502923.0,1.12335282,0,1,0,0,0,1,0,0,0,0,0,0,0,0,0,0,0,0,0,0
160000000.0,825532764.0,7,148.0,8.8,1888105.0,665532764.0,4.159579775,0,0,1,0,1,0,0,0,0,0,0,0,0,0,0,0,0,0,0,0
165000000.0,494878759.0,3,98.0,8.1,624128.0,329878759.0,1.999265206060606,0,1,0,0,0,0,1,0,0,0,0,0,0,0,0,0,0,0,0,0
165000000.0,752600867.0,5,93.0,6.3,171513.0,587600867.0,3.561217375757576,0,1,0,0,0,0,1,0,0,0,0,0,0,0,0,0,0,0,0,0
170000000.0,400000000.0,12,125.0,6.9,545814.0,230000000.0,1.3529411764705883,0,1,0,0,0,0,0,0,0,0,0,0,0,0,0,0,1,0,0,0
200000000.0,1025491110.0,3,108.0,6.4,364339.0,825491110.0,4.12745555,0,1,0,0,0,0,0,0,0,0,0,1,0,0,0,0,0,0,0,0
200000000.0,623933331.0,4,124.0,7.0,675501.0,423933331.0,2.119666655,0,0,1,0,1,0,0,0,0,0,0,0,0,0,0,0,0,0,0,0
200000000.0,1066969703.0,6,103.0,8.3,705408.0,866969703.0,4.334848515,1,0,0,0,0,0,1,0,0,0,0,0,0,0,0,0,0,0,0,0
250000000.0,954305868.0,10,146.0,7.7,436403.0,704305868.0,2.817223472,0,0,1,0,0,0,0,0,0,0,0,1,0,0,0,0,0,0,0,0
260000000.0,591794936.0,11,100.0,7.7,374981.0,331794936.0,1.2761343692307692,0,1,0,0,0,0,1,0,0,0,0,0,0,0,0,0,0,0,0,0
25000000.0,124272124.0,8,146.0,8.1,399843.0,99272124.0,3.97088496,0,0,1,0,0,0,0,0,0,1,0,0,0,0,0,0,0,0,0,0
32500000.0,288383523.0,4,125.0,6.8,253501.0,255883523.0,7.8733391692307695,0,0,0,1,0,0,0,1,0,0,0,0,0,0,0,0,0,0,0,0
75000000.0,342695435.0,12,87.0,4.3,28949.0,267695435.0,3.569272466666667,1,0,0,0,0,0,0,0,0,0,1,0,0,0,0,0,0,0,0,0
80000000.0,254455986.0,5,102.0,6.4,440120.0,174455986.0,2.180699825,0,0,0,1,0,0,0,1,0,0,0,0,0,0,0,0,0,0,0,0
90000000.0,484635760.0,4,96.0,6.9,194794.0,394635760.0,4.384841777777778,1,0,0,0,0,0,1,0,0,0,0,0,0,0,0,0,0,0,0,0
93000000.0,482860185.0,8,105.0,7.6,478465.0,389860185.0,4.192045,0,0,1,0,0,0,0,0,0,0,0,0,0,0,0,0,1,0,0,0
110000000.0,712171856.0,3,117.0,4.9,211592.0,602171856.0,5.4742896,0,0,1,0,0,0,0,0,0,0,0,0,0,0,0,1,0,0,0,0
110000000.0,563749323.0,7,103.0,5.4,78902.0,453749323.0,4.124993845454545,0,1,0,0,0,0,1,0,0,0,0,0,0,0,0,0,0,0,0,0
125000000.0,626137675.0,4,130.0,7.3,335531.0,501137675.0,4.0091014,0,0,1,0,1,0,0,0,0,0,0,0,0,0,0,0,0,0,0,0
125000000.0,1342000000.0,7,130.0,8.1,706836.0,1217000000.0,9.736,0,0,1,0,0,0,0,0,0,0,0,1,0,0,0,0,0,0,0,0
125000000.0,334615000.0,11,129.0,7.5,399957.0,209615000.0,1.67692,0,0,1,0,0,0,0,0,0,0,0,0,0,0,1,0,0,0,0,0
130000000.0,555000000.0,12,130.0,7.8,727724.0,425000000.0,3.269230769230769,0,1,0,0,0,0,1,0,0,0,0,0,0,0,0,0,0,0,0,0
140000000.0,370569774.0,7,124.0,6.9,687208.0,230569774.0,1.646926957142857,0,0,1,0,1,0,0,0,0,0,0,0,0,0,0,0,0,0,0,0
145000000.0,694713380.0,12,133.0,7.4,434810.0,549713380.0,3.7911267586206896,0,0,1,0,0,0,0,0,0,0,0,0,0,0,0,0,0,1,0,0
150000000.0,449326618.0,4,115.0,7.0,700777.0,299326618.0,1.9955107866666664,0,0,1,0,1,0,0,0,0,0,0,0,0,0,0,0,0,0,0,0
150000000.0,665692281.0,5,91.0,7.2,234612.0,515692281.0,3.43794854,0,1,0,0,0,0,1,0,0,0,0,0,0,0,0,0,0,0,0,0
195000000.0,1123746996.0,6,154.0,6.2,370672.0,928746996.0,4.762805107692308,0,0,1,0,1,0,0,0,0,0,0,0,0,0,0,0,0,0,0,0
200000000.0,559852396.0,6,106.0,6.1,144174.0,359852396.0,1.79926198,1,0,0,0,0,0,1,0,0,0,0,0,0,0,0,0,0,0,0,0
380000000.0,1045713802.0,5,136.0,6.6,455211.0,665713802.0,1.7518784263157894,0,0,1,0,1,0,0,0,0,0,0,0,0,0,0,0,0,0,0,0
45000000.0,376141306.0,9,91.0,6.2,276940.0,331141306.0,7.358695688888889,0,0,1,0,0,0,0,0,0,0,0,0,0,0,0,0,0,1,0,0
50000000.0,549368315.0,6,106.0,6.9,545814.0,499368315.0,9.9873663,0,0,0,1,0,0,0,1,0,0,0,0,0,0,0,0,0,0,0,0
61000000.0,441800000.0,12,158.0,7.5,527284.0,380800000.0,6.242622950819672,0,0,1,0,0,0,0,0,0,1,0,0,0,0,0,0,0,0,0,0
65000000.0,275293450.0,11,149.0,7.3,232227.0,210293450.0,3.235283846153846,0,0,1,0,0,0,0,0,0,0,0,0,1,0,0,0,0,0,0,0
70000000.0,348840316.0,3,86.0,6.4,91777.0,278840316.0,3.9834330857142857,0,1,0,0,0,0,1,0,0,0,0,0,0,0,0,0,0,0,0,0
75000000.0,691210692.0,3,142.0,7.2,805367.0,616210692.0,8.21614256,0,0,1,0,0,1,0,0,0,0,0,0,0,0,0,0,0,0,0,0
85000000.0,358375603.0,9,91.0,7.1,208916.0,273375603.0,3.2161835647058825,0,1,0,0,0,0,1,0,0,0,0,0,0,0,0,0,0,0,0,0
95000000.0,877244782.0,6,88.0,6.6,179430.0,782244782.0,8.2341556,0,1,0,0,0,0,1,0,0,0,0,0,0,0,0,0,0,0,0,0
100000000.0,425368238.0,12,165.0,8.4,1246157.0,325368238.0,3.25368238,0,0,0,1,0,0,0,0,0,0,0,0,0,0,0,0,0,0,0,1
120000000.0,829000000.0,11,115.0,5.5,218357.0,709000000.0,5.908333333333333,0,0,1,0,0,0,0,0,0,0,0,0,0,0,0,1,0,0,0,0
145000000.0,746921274.0,6,93.0,6.8,150894.0,601921274.0,4.1511812,0,1,0,0,0,0,1,0,0,0,0,0,0,0,0,0,0,0,0,0
165000000.0,471222889.0,11,108.0,7.7,354202.0,306222889.0,1.855896296969697,0,1,0,0,0,0,1,0,0,0,0,0,0,0,0,0,0,0,0,0
170000000.0,396600000.0,5,127.0,6.1,262152.0,226600000.0,1.3329411764705883,0,0,1,0,0,0,0,0,0,0,0,1,0,0,0,0,0,0,0,0
185000000.0,538983207.0,6,93.0,7.1,346490.0,353983207.0,1.9134227405405408,0,1,0,0,0,0,1,0,0,0,0,0,0,0,0,0,0,0,0,0
200000000.0,1108561013.0,10,143.0,7.7,599462.0,908561013.0,4.542805065,0,0,1,0,1,0,0,0,0,0,0,0,0,0,0,0,0,0,0,0
215000000.0,752215857.0,6,136.0,6.9,534526.0,537215857.0,2.4986784046511628,0,0,1,0,1,0,0,0,0,0,0,0,0,0,0,0,0,0,0,0
220000000.0,1519557910.0,4,143.0,8.0,1205002.0,1299557910.0,5.907081409090909,0,0,1,0,1,0,0,0,0,0,0,0,0,0,0,0,0,0,0,0
225000000.0,624026776.0,5,106.0,6.8,317807.0,399026776.0,1.7734523377777778,0,0,1,0,1,0,0,0,0,0,0,0,0,0,0,0,0,0,0,0
250000000.0,1084939099.0,7,165.0,8.4,1418253.0,834939099.0,3.339756396,0,0,1,0,1,0,0,0,0,0,0,0,0,0,0,0,0,0,0,0
250000000.0,1021103568.0,11,169.0,7.8,727724.0,771103568.0,3.084414272,0,0,1,0,0,0,0,0,0,0,0,1,0,0,0,0,0,0,0,0
13000000.0,318000141.0,7,112.0,7.5,410378.0,305000141.0,23.46154930769231,0,0,0,1,0,0,0,0,0,0,0,0,0,1,0,0,0,0,0,0
35000000.0,173965010.0,2,111.0,5.7,117864.0,138965010.0,3.970428857142857,0,0,0,1,0,0,0,1,0,0,0,0,0,0,0,0,0,0,0,0
37000000.0,270000000.0,8,110.0,7.7,685903.0,233000000.0,6.297297297297297,0,0,0,1,0,0,0,1,0,0,0,0,0,0,0,0,0,0,0,0
40000000.0,251171807.0,12,138.0,7.2,424472.0,211171807.0,5.279295175,0,0,0,1,0,0,0,0,1,0,0,0,0,0,0,0,0,0,0,0
43000000.0,158674180.0,6,117.0,6.6,155514.0,115674180.0,2.690097209302325,0,0,0,1,0,0,0,1,0,0,0,0,0,0,0,0,0,0,0,0
76000000.0,970761885.0,6,98.0,7.4,350582.0,894761885.0,11.77318269736842,0,1,0,0,0,0,1,0,0,0,0,0,0,0,0,0,0,0,0,0
105000000.0,351040419.0,5,143.0,7.3,442728.0,246040419.0,2.343242085714285,0,0,1,0,0,0,0,0,0,1,0,0,0,0,0,0,0,0,0,0
105000000.0,716392705.0,9,91.0,7.7,724258.0,611392705.0,5.822787666666667,0,0,1,0,0,0,0,0,0,0,0,0,0,0,0,0,1,0,0,0
130000000.0,847423452.0,11,146.0,7.5,583523.0,717423452.0,5.518641938461538,0,0,1,0,0,1,0,0,0,0,0,0,0,0,0,0,0,0,0,0
135000000.0,585178928.0,3,98.0,7.2,180043.0,450178928.0,3.3346587259259257,0,1,0,0,0,0,1,0,0,0,0,0,0,0,0,0,0,0,0,0
150000000.0,1274219009.0,11,102.0,7.5,527284.0,1124219009.0,7.494793393333333,0,1,0,0,0,0,1,0,0,0,0,0,0,0,0,0,0,0,0,0
170000000.0,644571402.0,10,112.0,6.9,556094.0,474571402.0,2.7915964823529413,0,0,1,0,1,0,0,0,0,0,0,0,0,0,0,0,0,0,0,0
190000000.0,467365246.0,5,132.0,7.7,449458.0,277365246.0,1.4598170842105265,0,0,1,0,0,0,0,0,0,0,0,0,0,0,0,0,1,0,0,0
200000000.0,1215439994.0,4,130.0,7.2,710052.0,1015439994.0,5.07719997,0,0,1,0,1,0,0,0,0,0,0,0,0,0,0,0,0,0,0,0
200000000.0,531865000.0,6,116.0,7.0,564082.0,331865000.0,1.659325,0,0,1,0,0,0,0,0,0,0,0,0,0,0,0,0,1,0,0,0
200000000.0,743559607.0,6,104.0,7.3,299133.0,543559607.0,2.717798035,1,0,0,0,0,0,1,0,0,0,0,0,0,0,0,0,0,0,0,0
225000000.0,662845518.0,6,143.0,7.1,657937.0,437845518.0,1.94598008,0,0,1,0,1,0,0,0,0,0,0,0,0,0,0,0,0,0,0,0
250000000.0,958400000.0,12,161.0,7.8,573246.0,708400000.0,2.8336,0,0,1,0,0,0,0,0,0,0,0,1,0,0,0,0,0,0,0,0
18000000.0,268157400.0,5,96.0,6.3,270504.0,250157400.0,13.897633333333332,0,0,0,1,0,0,0,1,0,0,0,0,0,0,0,0,0,0,0,0
50000000.0,188441614.0,6,112.0,7.0,325958.0,138441614.0,2.76883228,0,0,0,1,0,0,0,1,0,0,0,0,0,0,0,0,0,0,0,0
58800000.0,542307423.0,12,133.0,7.3,409597.0,483507423.0,8.222915357142858,0,0,0,1,0,0,0,0,0,0,0,0,0,0,0,0,0,0,1,0
60000000.0,469160692.0,2,100.0,7.8,309295.0,409160692.0,6.8193448666666665,0,1,0,0,0,0,1,0,0,0,0,0,0,0,0,0,0,0,0,0
61000000.0,369330363.0,10,145.0,8.1,782252.0,308330363.0,5.054596114754099,0,0,0,1,0,0,0,0,0,0,0,0,0,0,0,0,0,1,0,0
85000000.0,288747895.0,3,139.0,6.7,405233.0,203747895.0,2.3970340588235293,0,0,1,0,1,0,0,0,0,0,0,0,0,0,0,0,0,0,0,0
125000000.0,477200000.0,8,101.0,5.8,194073.0,352200000.0,2.8176,0,0,1,0,1,0,0,0,0,0,0,0,0,0,0,0,0,0,0,0
125000000.0,752100229.0,11,123.0,6.6,386742.0,627100229.0,5.016801832,0,0,1,0,0,1,0,0,0,0,0,0,0,0,0,0,0,0,0,0
145000000.0,609123048.0,6,102.0,7.8,285394.0,464123048.0,3.200848606896552,0,1,0,0,0,0,1,0,0,0,0,0,0,0,0,0,0,0,0,0
160000000.0,529076069.0,5,123.0,6.4,359438.0,369076069.0,2.30672543125,0,0,1,0,0,0,0,0,0,0,0,0,0,0,0,0,0,1,0,0
165000000.0,652105443.0,10,102.0,7.8,380953.0,487105443.0,2.9521542,0,1,0,0,0,0,1,0,0,0,0,0,0,0,0,0,0,0,0,0
165000000.0,675120017.0,11,169.0,8.6,1343549.0,510120017.0,3.0916364666666665,0,0,1,0,0,0,0,0,0,0,0,0,0,0,0,0,1,0,0,0
170000000.0,714766572.0,3,136.0,7.7,685903.0,544766572.0,3.2045092470588235,0,0,1,0,1,0,0,0,0,0,0,0,0,0,0,0,0,0,0,0
170000000.0,710644566.0,6,130.0,7.6,395425.0,540644566.0,3.1802621529411765,0,0,1,0,0,0,0,0,0,0,0,0,0,0,0,0,1,0,0,0
170000000.0,773328629.0,7,121.0,8.0,978222.0,603328629.0,3.5489919352941177,0,0,1,0,1,0,0,0,0,0,0,0,0,0,0,0,0,0,0,0
