MPAA Rating,Budget,Gross,Release Date,Genre,Runtime,Rating,Rating Count,Net Profit,ROI
PG-13,-1.2786515561225953,-0.31070813134147196,1989-10-12,Romance,-1.0916982201973384,-1.1501821829283907,-0.8339496663156071,-0.040434121203476975,5.851701028325927
PG,-1.2786515561225953,-0.8520468835648004,1989-12-13,Comedy,-0.8271653234440881,0.5473019042383891,-0.778938744963499,-0.6596305443307396,2.338609109003044
PG,-1.1866072978149265,-1.1213108203124313,1989-07-28,Crime,-0.7830765073185464,0.32097069261615163,-0.7778660998261636,-0.9902938055533834,-0.11215786787862099
R,-1.169871978122623,-0.7972364314162014,1989-12-20,War,1.2009202183308307,0.32097069261615163,-0.7778660998261636,-0.6237319377708467,0.9460089733361328
PG,-1.1531366584303195,-1.0731918093830142,1989-04-21,Drama,-0.4744547944397544,0.6604675100495073,-0.7454122747444903,-0.9434987022643986,-0.0839007432046788
PG,-1.1531366584303195,-1.0918354010946247,1989-08-16,Family,-0.7830765073185464,0.0946394809939141,-0.8212640601472968,-0.9648236956343759,-0.1443958131772356
R,-1.136401338738016,-1.043032531800857,1989-07-21,Romance,-0.9594317718207133,0.7736331158606257,-0.4956468545159508,-0.9131240830046593,-0.05386567413648696
PG,-1.1297072108610946,-0.5274497873158666,1989-06-02,Drama,0.49549916032216335,1.3394611449162188,0.1388889958293409,-0.3250369257888244,1.451477496746689
PG-13,-1.0694600599688022,-0.9223077371579418,1989-07-31,Comedy,0.2750550796944548,0.0946394809939141,-0.9341851995609577,-0.791525310515676,0.03645292282730292
R,-0.9857834615072851,-0.5563035488918995,1989-07-07,Comedy,-0.16583308156096238,0.32097069261615163,-0.5875599234310347,-0.39349230110939826,0.5274805526610026
R,-0.9690481418149817,-0.8001257178689548,1989-12-08,Comedy,-0.07765544930987896,-0.1316917306283234,-0.92351553528311,-0.6765043200977728,0.009552825867107966
PG-13,-0.9523128221226782,-1.1204455638966622,1989-12-01,Action,-0.9153429556951715,0.7736331158606257,-0.6381856190746246,-1.0470162415275805,-0.6079104798416516
PG,-0.868636223661161,-0.5747911865002566,1989-06-22,Family,-1.0916982201973384,-0.6975197596839167,-0.6483126511065261,-0.4434949790324754,0.14963612724317352
PG,-0.8184302645842507,0.10500462265427206,1989-06-23,Action,0.3632327119455382,0.6604675100495073,-0.05824109654242454,0.3217051047286674,0.9903367032906181
PG,-0.7849596251996438,-0.6012061636644133,1989-06-15,Comedy,-0.4303659783142127,-0.3580229422505609,-0.5261699183504204,-0.49432054958745986,-0.05009790993794675
PG,-0.7347536661227335,-0.5763198848545462,1989-11-17,Animation,-1.5325863814527556,0.7736331158606257,-0.37465879270180014,-0.47822190553642724,-0.09640329568145133
PG,-0.7347536661227335,-0.18096561944906123,1989-11-20,Science Fiction,-0.4303659783142127,0.9999643274828631,0.3185191982693438,-0.026006086879886335,0.3846665067394348
PG-13,-0.6008711085843059,0.33141569251539754,1989-05-24,Adventure,0.4073215280710799,1.4526267507273372,0.976476570672217,0.5270897480418693,0.6615696345234953
R,-0.48372387073818185,-1.1489578720130638,1989-12-22,Action,-0.6067212428163795,-0.1316917306283234,-0.8144906215888879,-1.1950535871892125,-0.8690296589777928
PG,-1.1531366584303195,-1.031845516148562,1989-11-15,Drama,0.05461099906674619,0.43413629842726986,-0.9304908835144291,-0.8962058070574767,0.05026047106211758
PG,-1.2200779371995332,-1.1194364554708325,1990-11-21,Family,-0.6067212428163795,-0.9238509713061541,-0.663099379808558,-0.9799052704452789,0.07051799898468357
PG,-1.1782396379687747,-0.6494802457272112,1990-03-30,Action,-1.0916982201973384,-0.1316917306283234,-0.8144906215888879,-0.45266367330606666,1.5534359784368919
R,-1.169871978122623,0.2911529654927668,1990-03-23,Romance,0.05461099906674619,0.0946394809939141,-0.22580088634876533,0.6211943099211795,4.729893944675711
PG-13,-1.1531366584303195,-0.6496327364261888,1990-12-21,Action,-0.29809952993758754,-0.9238509713061541,-0.663099379808558,-0.45902153915569116,1.290471542586014
PG,-1.1029306993534091,0.34047196851863565,1990-11-09,Family,-0.6508100589419212,0.7736331158606257,0.24132660644486817,0.6611174022962709,3.5741078910731523
PG-13,-1.0694600599688022,-0.8776108291380335,1990-05-18,Comedy,-0.34218834606312926,-1.0370165771172724,-0.9482273863441333,-0.7403999006736742,0.1452279359811815
R,-1.0694600599688022,-1.1566405820626902,1990-11-28,Drama,-0.4744547944397544,0.9999643274828631,-0.5332683052886691,-1.059560914451889,-0.5338227274603314
PG-13,-1.0694600599688022,-1.1864700866152447,1990-12-05,Drama,-0.5626324266908379,1.1131299332939824,0.2643190704475156,-1.0936806268255936,-0.6064162220401484
PG-13,-1.0359894205841955,0.4425192293672461,1990-07-12,Thriller,0.4073215280710799,0.0946394809939141,-0.4887598417665299,0.7613523576360599,2.9552624179102924
R,-1.0359894205841955,-0.5799123540980045,1990-07-26,Crime,0.4073215280710799,-0.018526124817204146,-0.9554614313438685,-0.4081297398008659,0.6932591147483587
PG-13,-1.0359894205841955,0.15135125716831369,1990-11-09,Western,2.7881175988503326,1.2262955391051007,-0.3572030705109867,0.42830735360793754,2.3110893255095992
R,-0.9690481418149817,-1.1558751264702356,1990-08-09,Horror,-0.12174426543542068,-0.3580229422505609,-0.8260089374606862,-1.083419140865447,-0.6564138494469719
PG,-0.9021068630457679,-0.6595713299855098,1990-03-02,Thriller,0.7159432409498719,0.7736331158606257,-0.5387387954890794,-0.5322239768618665,0.09348113863782273
R,-0.7682243055073403,-0.8242038594039133,1990-06-08,Action,-1.003520587946255,-1.1501821829283907,-0.9523665346387921,-0.7535130299057412,-0.3625970656206894
PG,-0.7347536661227335,-0.4962125945290727,1990-05-25,Family,0.010522182941204475,0.5473019042383891,0.09992673863495338,-0.38659323969229586,0.0010718088044542648
PG,-0.6176064282766094,-1.0036098154635567,1990-06-15,Crime,-0.6508100589419212,-0.9238509713061541,-0.8949200778572048,-0.9958225829609326,-0.6840878252233515
R,-0.5004591904304853,-0.8845806617481498,1990-12-24,Drama,1.95043009246504,0.7736331158606257,-0.018114703890164247,-0.8885302123438965,-0.6269913008895771
PG-13,-0.40004727227666464,-0.8083401019204404,1990-06-27,Adventure,-0.4744547944397544,-1.0370165771172724,-0.8339149630905757,-0.8260581799579755,-0.6095715107818646
R,-0.31637067381514744,-0.43570091042788944,1990-06-01,Science Fiction,-0.2099218976865041,0.6604675100495073,-0.1738564681539807,-0.42043589258403236,-0.3660522242419064
R,-0.23269407535363026,-0.5124177550167559,1990-07-02,Thriller,0.2750550796944548,0.32097069261615163,-0.0635222964244816,-0.528797961788115,-0.4697668530266062
PG-13,-1.2200779371995332,-0.9471005545077836,1991-12-27,Comedy,0.5395879764477051,0.8867987216717449,-0.8691103429497324,-0.7827832779508065,0.8330616909755
R,-1.0861953796611057,-0.3945256790914088,1991-02-01,Crime,0.05461099906674619,1.905289173971812,2.61411545022851,-0.1837130681668247,1.4467722641920364
R,-1.0861953796611057,-0.7467907155853897,1991-02-08,Drama,-0.8271653234440881,-0.8106853654950349,-0.9197076450455695,-0.5866423794234518,0.544375357047508
PG,-1.0694600599688022,-1.0555534770693809,1991-12-20,Romance,-0.5626324266908379,-0.47118854806167915,-0.8633275237240392,-0.9439350266338216,-0.2878157515317695
PG-13,-1.019254100891892,-1.0642958879165578,1991-06-28,Drama,-1.4444087492016722,-0.47118854806167915,-0.8633275237240392,-0.9663016952258934,-0.40850474214918886
PG,-0.9857834615072851,-1.094208744825086,1991-03-22,Action,-1.312142300825047,1.2262955391051007,0.18767857538490385,-1.0087613390924601,-0.5197622630990663
PG,-0.9857834615072851,-0.01752410106211942,1991-11-13,Animation,-1.488497565327214,1.2262955391051007,0.18767857538490385,0.22277672744344967,1.5764254416205763
PG-13,-0.9690481418149817,-0.7248168065835169,1991-07-31,Comedy,-1.488497565327214,-0.1316917306283234,-0.7719917902799329,-0.5903641568339503,0.15053190849573753
PG-13,-0.9523128221226782,-0.7322495136246027,1991-06-07,Comedy,-0.2540107138120458,-0.24485733643944166,-0.9237742320515262,-0.6029881633355609,0.09188157464195203
PG,-0.9523128221226782,-1.028256301279777,1991-12-05,Science Fiction,-0.2099218976865041,0.32097069261615163,-0.857775007719009,-0.941567922099738,-0.44172302522230217
PG-13,-0.9021068630457679,-0.6873130684921129,1991-11-22,Comedy,-0.8271653234440881,-0.018526124817204146,-0.6900196179170365,-0.5639556516848319,0.04847268645550552
R,-0.9021068630457679,-1.1079484804384507,1991-12-25,Romance,0.6277656086987885,-0.24485733643944166,-1.019201791210703,-1.0450886602642442,-0.6339700818760401
PG,-0.8184302645842507,-1.1478716893272525,1991-05-17,Comedy,-0.7830765073185464,0.0946394809939141,-0.8807706265602957,-1.1113652746107947,-0.7519587881274258
R,-0.8184302645842507,-0.7204782314016693,1991-11-15,Crime,0.4514103441966216,0.43413629842726986,-0.5693912077077571,-0.6225022487723336,-0.15760985864084792
R,-0.7347536661227335,-0.6372069717059728,1991-12-20,Drama,3.1408281278546664,1.2262955391051007,-0.6470538704894767,-0.5478660354609903,-0.17049112375017753
PG-13,-0.6008711085843059,0.029844007059927145,1991-06-14,Adventure,1.1127425860797475,-0.018526124817204146,-0.5334859891547754,0.18214472390760736,0.35577420868138754
PG,-0.23269407535363026,-0.29321154992999837,1991-12-11,Family,1.1568314022052892,-0.1316917306283234,-0.37803447004576735,-0.278064576159322,-0.3173487814416003
R,-0.14901747689211306,-0.8283498138070633,1991-05-24,Mystery,0.8482096893264971,-0.24485733643944166,-0.8534970465242244,-0.9107802076058368,-0.7148948517578082
R,0.269365515415473,0.4965786093224172,1991-07-01,Science Fiction,0.8482096893264971,1.792123568160694,1.8696050797585904,0.5016477398114284,-0.15911339754670814
R,-1.3421530907528925,-1.1520560763455918,1992-09-02,Romance,-0.2540107138120458,0.32097069261615163,-0.9145147806454106,-0.9871464576568533,1.8896836521683638
R,-1.208363213414921,-1.0601993293708523,1992-01-10,Drama,-0.34218834606312926,1.4526267507273372,0.03411364978215033,-0.9150340125985745,0.24863431898597924
R,-1.169871978122623,-0.8038830357856483,1992-08-07,Western,0.5836767925732468,1.4526267507273372,0.03411364978215033,-0.6313344854077942,0.9229014472472014
PG,-1.1029306993534091,-0.08368871686187629,1992-11-19,Family,0.0986998151922879,-0.24485733643944166,-0.2146359124045599,0.1759521002739432,2.427170883681224
PG-13,-1.0694600599688022,-0.9388877742179034,1992-02-14,Comedy,-1.0476094040717967,0.0946394809939141,-0.6382897287497189,-0.8104899599162243,-0.00389648452959597
R,-0.9857834615072851,0.10377140566290004,1992-11-25,Action,0.49549916032216335,-0.6975197596839167,-0.7176213011715868,0.3615174763683597,1.812574578981822
G,-0.9355775024303747,0.4390962579036992,1992-11-25,Animation,-1.2239646685739636,1.2262955391051007,-0.005028433214672802,0.732703306547649,2.086485977789317
R,-0.8853715433534645,-1.0504069303947232,1992-03-26,Comedy,-0.12174426543542068,-0.1316917306283234,-0.8440703886702301,-0.9833935321813978,-0.5577317599883633
PG,-0.8853715433534645,-0.5427845088952222,1992-05-28,Comedy,-0.7830765073185464,-0.5843541538727974,-0.8122696151868758,-0.40276266767972,0.23927271825195506
R,-0.8853715433534645,-0.894206146982729,1992-12-23,Drama,1.7299860118373314,1.2262955391051007,-0.3147452521043416,-0.8047272793385165,-0.31248505966283846
R,-0.8184302645842507,-0.21797277168015564,1992-05-15,Action,0.010522182941204475,-0.24485733643944166,-0.5979614264245484,-0.04772428953043221,0.5411925598525232
R,-0.8184302645842507,-0.8132328145784977,1992-10-08,Action,-0.6508100589419212,-0.47118854806167915,-0.8392371758749425,-0.7285971955978997,-0.2865977647349103
R,-0.7347536661227335,-1.1248423934663496,1992-06-30,Romance,-0.03356663318433724,-1.6028446061728656,-0.9901898950844206,-1.1056352838365686,-0.7638492749746044
PG,-0.7347536661227335,-0.990202876601113,1992-07-01,Comedy,0.4514103441966216,0.32097069261615163,-0.7951640800850159,-0.9516313317600993,-0.6000189803653576
R,-0.7347536661227335,-1.1053599119005535,1992-09-25,Action,-0.2540107138120458,0.8867987216717449,-0.6277431031788009,-1.0833507478604578,-0.7401428567627926
R,-0.7347536661227335,-0.599385220302086,1992-11-13,Drama,0.4514103441966216,0.5473019042383891,-0.5057202542909855,-0.5046045968709929,-0.12446935525751035
R,-0.7347536661227335,-0.5008523489324852,1992-12-11,Drama,0.8922985054520388,0.8867987216717449,-0.3761541862167912,-0.3919003035575422,-0.004573876418751364
R,-0.6510770676612163,-0.7357893362399018,1992-06-04,Thriller,-0.03356663318433724,-0.018526124817204146,-0.7640857646500434,-0.6812384178639608,-0.3772038826083684
R,-0.5841357888920025,-0.10554476920752943,1992-03-20,Thriller,0.4073215280710799,-0.018526124817204146,-0.5625704465697599,0.023161455193586245,0.19216779056774164
PG-13,-0.06534087843059584,-0.3683714699603212,1992-06-19,Action,0.3632327119455382,0.0946394809939141,-0.25163585996535154,-0.4052572748142688,-0.457315280542335
PG,-1.169871978122623,-0.8193549961109169,1993-09-30,Comedy,-0.8712541395696298,-0.018526124817204146,-0.7961988671586807,-0.6490316897051523,0.8691117665334683
PG,-1.1598307863072408,-1.1219340961316453,1993-02-11,Comedy,-0.7389876911930047,1.2262955391051007,0.6674380420899809,-0.9976023964190222,-0.21934281297410216
PG,-1.0694600599688022,-0.8235564046260249,1993-07-16,Family,-0.2540107138120458,-1.1501821829283907,-0.8639458720973267,-0.6785711360146273,0.276775530608984
PG,-1.0527247402764988,-0.5564985302635218,1993-06-24,Romance,-0.5626324266908379,-0.1316917306283234,-0.5996398005806144,-0.37722614345757316,0.8315507125895081
R,-1.0359894205841955,-0.21929167639271527,1993-11-29,History,3.4053610246079167,2.244785991405169,2.458704944021812,0.004356956974029816,1.4910877199575046
PG-13,-0.9857834615072851,0.2128973098416005,1993-11-24,Family,0.31914389581999647,0.0946394809939141,-0.35281153512519015,0.4863383380939649,2.0250308259719714
R,-0.9857834615072851,-1.1738379772417398,1993-12-25,Drama,0.5395879764477051,0.9999643274828631,-0.6953323661854858,-1.0998431906803185,-0.674791703608854
PG-13,-0.9690481418149817,-0.6326193413567132,1993-12-22,Drama,0.31914389581999647,0.8867987216717449,-0.4034056823823879,-0.484906455061502,0.3231265436657338
PG-13,-0.9355775024303747,-1.1504304999784638,1993-05-07,Comedy,-0.34218834606312926,-0.1316917306283234,-0.9196697869818988,-1.0854360357835418,-0.6765813709802959
PG-13,-0.8167567326150204,-1.1244819975999818,1993-12-25,Comedy,-0.6508100589419212,0.0946394809939141,-0.9384663155943814,-1.0850238062314392,-0.720434589067888
R,-0.7682243055073403,-0.4166138479987548,1993-04-07,Drama,-0.03356663318433724,-1.1501821829283907,-0.883038955541896,-0.2873016675601981,0.15946434776244495
PG,-0.7682243055073403,-1.1709044846320178,1993-12-09,Comedy,-0.4744547944397544,-1.4896790003617475,-0.9230990965827327,-1.1500776323021789,-0.8066683464732549
R,-0.7347536661227335,-0.7395894187300986,1993-07-08,Crime,0.4514103441966216,0.32097069261615163,-0.7928989059420548,-0.6649735669798159,-0.29507079284960636
R,-0.7347536661227335,-0.991139887833876,1993-07-30,Thriller,0.31914389581999647,-0.8106853654950349,-0.9397945026614938,-0.9527031079840884,-0.601159142109026
R,-0.7012830267381266,-0.40351595219568026,1993-06-30,Mystery,1.5977195634607062,-0.1316917306283234,-0.723388346204084,-0.2888091580538731,0.057431149647245945
PG-13,-0.6678123873535197,-0.048066904717347744,1993-08-06,Adventure,0.5395879764477051,0.9999643274828631,-0.27815227872800957,0.109517511318436,0.3993204980955847
PG-13,-0.6510770676612163,-0.6737418936294068,1993-12-16,Crime,1.024564953828664,-0.3580229422505609,-0.8415212790497391,-0.6102670448173796,-0.31009298751901104
R,-0.450253231353575,-0.8042494826986125,1993-10-08,Action,-0.12174426543542068,-0.24485733643944166,-0.598311613513502,-0.8090123436981902,-0.5817791209831191
R,-0.23269407535363026,-0.4584696761169951,1993-05-28,Adventure,-0.2540107138120458,-0.5843541538727974,-0.7088256110454368,-0.46709083782530236,-0.43225577003348137
R,-1.2702838962764436,-0.6064894805703573,1994-09-10,Thriller,1.5977195634607062,2.244785991405169,4.2669070197689845,-0.3808171657764403,3.619471993828676
PG-13,-1.1531366584303195,-0.9910728325789795,1994-02-04,Comedy,-1.4003199330761305,-0.018526124817204146,-0.2458688149328543,-0.8495690205279768,0.18256042611717
PG-13,-1.136401338738016,-0.48630966934864606,1994-12-16,Comedy,-0.4744547944397544,0.43413629842726986,-0.010981613726884073,-0.27633094065565905,1.6396948921596048
PG,-1.0359894205841955,-0.6933283241749394,1994-11-10,Family,-0.9153429556951715,-0.5843541538727974,-0.7930250994876237,-0.5378576831796079,0.4423403216533278
PG-13,-1.019254100891892,-0.11038783012707733,1994-07-29,Romance,-0.7389876911930047,-0.018526124817204146,-0.054070399861373505,0.1248015279400811,1.6101420702574063
R,-0.9021068630457679,-0.11447926744752182,1994-06-09,Action,-0.07765544930987896,0.32097069261615163,-0.09035419905106182,0.09126557383510893,0.9778435237083244
R,-0.9021068630457679,-0.7985440016787638,1994-12-16,Drama,0.6718544248243302,0.6604675100495073,-0.6360687223477068,-0.691184296756722,-0.13198940449579824
PG,-0.7682243055073403,-0.9450048561488135,1994-11-17,Science Fiction,0.010522182941204475,1.792123568160694,1.6756897679601919,-0.8916881462953247,-0.5173249473990401
G,-0.6510770676612163,1.4633108818980112,1994-06-23,Animation,-1.2680534846995053,1.792123568160694,1.6756897679601919,1.8341458652246847,2.0013564225583957
PG-13,-0.6510770676612163,-0.9535995371264077,1994-07-20,Drama,0.05461099906674619,-0.24485733643944166,-0.8902635360257137,-0.9303750199557977,-0.6127887339107436
R,-0.6510770676612163,-0.7635001924247159,1994-10-07,Action,-0.34218834606312926,-1.4896790003617475,-0.8789597491813825,-0.7129347687366066,-0.40717611488762046
PG,-0.6343417479689129,-0.14625514393577563,1994-05-26,Family,-1.1798758524484219,-2.281838241039577,-0.8410448984152166,-0.011037174405572931,0.2314899157923802
PG-13,-0.48372387073818185,1.0658072984365579,1994-07-06,Comedy,1.0686537699542058,2.1316203855940508,4.163986718841656,1.338248649121942,1.0909278432369525
PG-13,-0.48372387073818185,-0.6690596089098043,1994-10-27,Science Fiction,0.14278863131782962,0.20780508680503235,-0.537779724542756,-0.6461342889529486,-0.4443434603601258
R,-0.48372387073818185,-0.6061783616307981,1994-12-09,Drama,0.23096626356891306,-0.9238509713061541,-0.9291721609632344,-0.5742091898592139,-0.3886966703539019
R,-0.40004727227666464,-0.5714018940304219,1994-11-11,Horror,0.23096626356891306,-0.018526124817204146,-0.8034802347380042,-0.5550424985105891,-0.41736614489530455
PG-13,-0.3665766328920578,-0.5994294877263519,1994-08-03,Thriller,1.024564953828664,-0.018526124817204146,-0.8034802347380042,-0.5953457324894474,-0.46046219596002025
R,-0.23269407535363026,-0.9053613108483547,1994-06-17,Fantasy,0.31914389581999647,-0.8106853654950349,-0.9088297614175331,-0.9782563522368685,-0.7429876726557926
PG,-0.14901747689211306,-0.7179554603370947,1994-05-20,Action,0.4073215280710799,0.0946394809939141,-0.7621234550164475,-0.7845084627486514,-0.6432529252337258
R,0.5203953108000245,-0.01200334815149485,1994-07-14,Action,1.024564953828664,0.32097069261615163,-0.36061976075726376,-0.14191509807663336,-0.4933398816247739
PG,-1.1196660190457126,-0.7213539356936045,1995-04-21,Romance,-0.6508100589419212,-0.24485733643944166,-0.7961294607086178,-0.5493025812487484,0.8072775549429645
R,-1.019254100891892,-0.730499395257934,1995-08-11,Crime,-0.8271653234440881,-0.47118854806167915,-0.9227867675574498,-0.584497153323492,0.29787069979779424
PG-13,-0.9857834615072851,-1.1197968513372003,1995-12-22,Comedy,-0.7389876911930047,-0.24485733643944166,-0.9944647014405659,-1.038029637291744,-0.5695795188465709
PG,-0.9021068630457679,-1.1014926660367004,1995-02-10,Comedy,-0.5185436105652962,-1.0370165771172724,-0.965402327896056,-1.0377043428298844,-0.6234961091028506
G,-0.9021068630457679,-0.031206602207946514,1995-10-30,Animation,-1.620764013703839,1.5657923565384575,1.522673784280663,0.18651487244683496,1.1129458631178555
PG-13,-0.9021068630457679,-0.6120512140949467,1995-11-10,Comedy,-1.2239646685739636,-0.5843541538727974,-0.4628523068612416,-0.4778693132336273,0.170578212537842
R,-0.8979230331226921,-0.9626584079798836,1995-10-20,Comedy,-0.5626324266908379,-0.018526124817204146,-0.8388712145927929,-0.8799329176970657,-0.4038121973320506
PG,-0.8853715433534645,-0.9944873131159148,1995-12-29,Family,0.8482096893264971,0.43413629842726986,-0.9592977151291621,-0.9194313146983991,-0.46993385448796793
R,-0.8519009039688575,-0.1978614858225556,1995-09-22,Action,0.4073215280710799,1.905289173971812,3.109734290772954,-0.016475920878942927,0.6685794644595224
PG,-0.5674004691996991,-0.33979858650670064,1995-05-26,Family,-0.7830765073185464,-0.9238509713061541,-0.7176875527830104,-0.24890605056746756,-0.06113410296474156
PG-13,-0.5674004691996991,-0.8295985278206891,1995-06-09,Drama,-0.386277162188671,-1.9423414236062215,-0.940482257484844,-0.8091511290214966,-0.5379276658256683
PG,-0.5339298298150922,-0.09721706948774053,1995-06-30,Drama,0.9804761377031223,0.7736331158606257,-0.27448004655195557,0.020319993991602784,0.12707247768017907
R,-0.5171945101227887,-0.8102629508179419,1995-05-12,Thriller,-0.07765544930987896,0.43413629842726986,-0.7660985517018668,-0.7994015126184914,-0.5503595800682937
G,-0.48372387073818185,-0.13022269956309054,1995-06-14,Animation,-1.620764013703839,-0.24485733643944166,-0.5719971044237542,-0.029799534520313434,0.03250052158216694
PG-13,-0.4335179116612715,-0.10818715566015157,1995-11-16,Action,0.5395879764477051,0.32097069261615163,-0.35323112866420664,-0.016961630348707804,-0.006098831551325079
PG,-0.31637067381514744,-0.4303694734658679,1995-12-15,Family,-0.6067212428163795,0.0946394809939141,-0.19081057100115792,-0.41433766539550415,-0.36206002157070144
R,-0.19922343596902337,-0.6206485764177866,1995-05-24,Action,2.6117623343481657,1.5657923565384575,1.7960784104328904,-0.6608395971178744,-0.5596394560800501
R,0.10201231849243857,-0.058064624822505115,1995-05-19,Thriller,0.4514103441966216,-1.716010211983984,-0.3587804898305975,-0.09154371791986006,-0.3577165025984553
PG-13,0.269365515415473,-0.16464277169121563,1995-06-16,Action,0.14278863131782962,-1.716010211983984,-0.3587804898305975,-0.2546733481161588,-0.480944895982117
PG-13,1.524514492338231,-0.4252483527195826,1995-07-28,Action,0.7600320570754137,-0.8106853654950349,-0.529993582781157,-0.8619325103195451,-0.8064187514971876
R,-1.169871978122623,-0.7538268754507522,1996-12-20,Horror,-0.29809952993758754,0.32097069261615163,-0.22230532513650775,-0.574079032500433,1.09692625247968
PG,-0.9690481418149817,-0.9579791073380546,1996-09-20,Comedy,-0.694898875067463,-0.5843541538727974,-0.941804134874678,-0.8570608639187072,-0.28595039755389784
R,-0.9523128221226782,-0.5414464491423651,1996-11-14,War,1.95043009246504,0.5473019042383891,-0.5348331052537231,-0.38474298032604753,0.43583785240988865
R,-0.8853715433534645,-0.7098085207680412,1996-03-08,Comedy,-0.03356663318433724,0.20780508680503235,-0.8313374599223315,-0.5938087923165702,-0.02296724554450548
PG,-0.868636223661161,-0.8295470596870131,1996-07-05,Drama,0.23096626356891306,-0.5843541538727974,-0.8397608790890534,-0.7348909391406946,-0.23784975663181623
R,-0.7347536661227335,-0.828719500678866,1996-07-24,Crime,1.3772754828329976,0.6604675100495073,-0.6825047922784105,-0.7669227211998862,-0.4035248925388417
PG-13,-0.6343417479689129,-0.8368860962384712,1996-11-21,Science Fiction,-0.29809952993758754,0.7736331158606257,-0.7130530948219939,-0.8009976448327549,-0.49926183697394494
R,-0.5674004691996991,-0.8359124976173545,1996-02-09,Thriller,-0.4303659783142127,-1.0370165771172724,-0.7922269253119006,-0.8163732011487399,-0.5440739714929826
R,-0.5674004691996991,-0.39160766188018853,1996-12-06,Comedy,0.9363873215775805,0.43413629842726986,-0.35172942547193714,-0.3081665303041185,-0.11156741573645554
PG-13,-0.5004591904304853,-0.9134004992612814,1996-06-26,Comedy,-1.003520587946255,-1.4896790003617475,-0.7398187458371503,-0.9214950430159082,-0.6529677286366701
G,-0.5004591904304853,-0.22172893633007681,1996-11-17,Comedy,-0.6508100589419212,-1.3765133945506283,-0.7678747258557486,-0.13034429685768964,-0.029537552425072458
R,-0.14901747689211306,-0.1699280599625488,1996-06-06,Action,0.8041208732009554,0.5473019042383891,-0.12843310142646724,-0.15766140128489287,-0.2876030435439192
PG-13,-0.14901747689211306,1.566843575577154,1996-06-25,Action,1.2009202183308307,0.0946394809939141,0.5213406195462651,1.828900211195815,0.8394986785228167
PG-13,-0.06534087843059584,0.27203886256177856,1996-05-22,Action,-0.34218834606312926,0.20780508680503235,0.08608961636332718,0.32725962999404096,-0.06768742131243138
R,-0.06534087843059584,-0.2620810667552774,1996-11-08,Thriller,-0.03356663318433724,-0.3580229422505609,-0.710592320683401,-0.28367972802492325,-0.39264783194829567
PG,-0.06534087843059584,-0.4757694381379279,1996-11-15,Comedy,-1.312142300825047,-0.5843541538727974,-0.6077540455606925,-0.5281016813408406,-0.5226565754928474
PG-13,0.13548295787704545,0.4045750370717194,1996-05-10,Action,-0.2099218976865041,-0.5843541538727974,-0.5463388017709644,0.4293901817062185,-0.12847043898270943
PG,0.269365515415473,-1.0165836161579647,1996-06-21,Animation,-1.1798758524484219,-0.018526124817204146,-0.6534550380884574,-1.2291439941640583,-0.8956038988908696
R,0.269365515415473,-0.5042567059495341,1996-06-21,Drama,-0.12174426543542068,-0.9238509713061541,-0.7555992487105372,-0.6431320211249854,-0.6462427288869571
PG,0.5990513133538508,-0.946020440888362,1996-12-25,Fantasy,-0.5626324266908379,-1.3765133945506283,-0.9430660703303666,-1.229641340874079,-0.8958207860588967
R,-1.2368132568918366,-0.563225135307385,1997-12-05,Drama,0.3632327119455382,1.5657923565384575,1.418901676920745,-0.3395749470792116,2.8919029455649072
R,-1.1196660190457126,-0.9248726601230468,1997-10-17,Horror,-0.7830765073185464,-1.3765133945506283,-0.6689957732252634,-0.7820922451857304,0.22458816577950988
R,-1.0025187811995886,-0.7562896838510806,1997-12-09,Horror,0.0986998151922879,-0.8106853654950349,-0.6005010715291219,-0.6181190078225313,0.18852057107309036
PG-13,-0.7682243055073403,-0.29885613486030693,1997-06-19,Comedy,-0.5626324266908379,-0.6975197596839167,-0.687621940551228,-0.15260753293284346,0.31029424162045144
PG-13,-0.6510770676612163,-0.2865233522736139,1997-03-21,Comedy,-1.4003199330761305,-0.018526124817204146,-0.2307035055941158,-0.1673570650841189,0.10872496552241023
PG-13,-0.5674004691996991,-0.2451953311095866,1997-12-19,Comedy,0.9363873215775805,0.8867987216717449,-0.2492444922768215,-0.1406965475206181,0.030957013008089285
PG,-0.48372387073818185,-0.7489495048447261,1997-07-15,Family,-1.1357870363228801,-1.716010211983984,-0.8557590658285464,-0.7375142938089562,-0.5150420621703654
PG-13,-0.18248811627671993,-0.5519047803924512,1997-05-23,Action,0.49549916032216335,-0.3580229422505609,0.04792237850602354,-0.5863310677879994,-0.5208134812051531
R,-0.14901747689211306,-0.5701490642960021,1997-06-01,Action,-0.12174426543542068,-0.018526124817204146,-0.24114286665130027,-0.6154439142231853,-0.5473319416677864
R,-0.14901747689211306,-0.8837994244207069,1997-08-07,Action,0.7600320570754137,-0.24485733643944166,-0.7859330222266534,-0.9742048200407566,-0.7508796354401756
R,-0.06534087843059584,-0.4920732209544426,1997-06-27,Thriller,0.8922985054520388,0.43413629842726986,-0.020064394169203234,-0.5467503444228157,-0.5325758532957686
PG,-0.06534087843059584,-0.7360573302100917,1997-11-26,Science Fiction,-1.0916982201973384,-1.8291758177951032,-0.8152004602827128,-0.8258252991171061,-0.6810166284484914
G,0.018335720030921362,-0.46671592997494354,1997-06-26,Animation,-1.0916982201973384,0.43413629842726986,-0.4730171969568138,-0.5383575362453054,-0.5497432100732551
R,0.018335720030921362,-0.2416692251609613,1997-07-25,Action,0.2750550796944548,-0.47118854806167915,-0.5298326860105567,-0.2809436450633438,-0.42087808738841853
PG-13,0.10201231849243857,0.7466592435287587,1997-07-02,Thriller,-0.8712541395696298,0.43413629842726986,0.46997353682245796,0.8289190031429603,0.07748063714384129
PG,0.10201231849243857,-0.7607693035591898,1997-07-11,Science Fiction,1.4213642989585393,0.5473019042383891,-0.31046413607091783,-0.895314410118601,-0.7377413512416244
PG-13,0.4367187123385074,-0.17732177217089354,1997-12-11,Action,0.05461099906674619,-0.47118854806167915,-0.5265327247939309,-0.3103988522638465,-0.5402200795654987
PG-13,1.2734846969536795,-0.5190169421020648,1997-06-12,Action,0.31914389581999647,0.9999643274828631,2.020393747358829,-0.9073528692752231,-0.8101144200570142
PG-13,1.9428974846458171,5.271947050834663,1997-11-18,Romance,3.361272208482375,0.9999643274828631,2.020393747358829,5.551600686107425,0.5469533987399255
R,-1.019254100891892,-0.0444309032571909,1998-07-15,Romance,0.05461099906674619,0.20780508680503235,-0.18891766781762492,0.20024466411048317,1.7497191910237089
PG-13,-1.019254100891892,-0.7071736918167368,1998-11-06,Comedy,-1.2239646685739636,-0.9238509713061541,-0.6234430581135418,-0.5578166467490097,0.34723222527628606
R,-0.9857834615072851,-0.3347905255476536,1998-12-11,History,0.18687744744337134,0.20780508680503235,-0.42287103678638555,-0.14012032068580255,0.9587422769358656
G,-0.9021068630457679,-1.0153120242147418,1998-11-20,Animation,-1.7089416459549225,-1.1501821829283907,-1.012554546197863,-0.9391288299189708,-0.4836758416902016
PG-13,-0.8519009039688575,-0.4967197399882668,1998-09-18,Comedy,-0.8712541395696298,0.0946394809939141,-0.3581652962959493,-0.35831725634853784,0.22778820498709929
PG-13,-0.5674004691996991,-0.8019276972007938,1998-12-25,Drama,0.2750550796944548,-0.1316917306283234,-0.886723807072507,-0.7775005603629074,-0.5109916194815478
PG-13,-0.5674004691996991,-0.6484246390267026,1998-12-25,Drama,-0.12174426543542068,-0.1316917306283234,-0.7588929002498845,-0.6019200312208124,-0.3615647538503925
PG,-0.40004727227666464,-0.42560881706116505,1998-06-04,Comedy,-0.6508100589419212,1.3394611449162188,1.64444740091598,-0.38828083327728447,-0.29909812914492506
PG,-0.31637067381514744,-0.4735295958482453,1998-12-17,Romance,0.05461099906674619,-0.3580229422505609,-0.49616424805278314,-0.4637052624706121,-0.3943785047661079
R,-0.23269407535363026,0.3590548227148871,1998-07-24,War,2.259051805343832,1.905289173971812,2.5326228133387754,0.46801355552648577,0.13618392142569785
PG,-0.23269407535363026,-0.5896070029032985,1998-12-15,Animation,-0.8271653234440881,0.20780508680503235,-0.7181607785788937,-0.6170888997616687,-0.5234379446150377
PG-13,-0.2159587556613268,-0.3162704631231994,1998-06-22,Family,-1.4444087492016722,-1.716010211983984,-0.7913341059770008,-0.3085622170842952,-0.3437747159434431
PG-13,-0.14901747689211306,-0.8712510530267527,1998-05-08,Drama,0.0986998151922879,-0.8106853654950349,-0.5816635300143294,-0.959851687826783,-0.7427361980890331
G,0.10201231849243857,-0.2807222798541698,1998-06-18,Animation,-1.312142300825047,0.7736331158606257,-0.34169703859921224,-0.34622495589011565,-0.47813044634047225
R,0.10201231849243857,-0.4741482477884936,1998-11-20,Thriller,0.6277656086987885,0.43413629842726986,-0.38233136027238723,-0.5674702796231034,-0.5827358039140828
PG-13,0.18568891695395576,-0.4754504049051431,1998-07-16,Action,0.8041208732009554,-0.24485733643944166,-0.5643529304009202,-0.5895711961898212,-0.6091147681290326
G,0.6040719092615418,-0.06830998373931979,1998-11-25,Animation,-1.003520587946255,0.32097069261615163,-0.27302566593927435,-0.22693147411387804,-0.5402580015693956
PG-13,0.7714251061845762,-0.011528047271052994,1998-05-20,Thriller,0.9363873215775805,-1.716010211983984,-0.5154308476225098,-0.20320587019182235,-0.5598450570579554
PG-13,0.9387783031076106,0.6183908480366762,1998-07-01,Science Fiction,1.465453115084081,-0.24485733643944166,0.12243020264852147,0.4760877185048118,-0.37737767249399984
R,0.9387783031076106,-0.34874934580818356,1998-07-10,Comedy,0.4073215280710799,-0.3580229422505609,-0.6066530068756041,-0.6301507435151585,-0.713612778703335
R,-1.4031623346333328,-0.4836981471980197,1999-07-14,Horror,-1.620764013703839,-0.47118854806167915,-0.3712421024555231,-0.20763442753628736,5.544193982096182e-06
R,-1.2200779371995332,-0.5288088833754435,1999-07-09,Comedy,-1.003520587946255,0.0946394809939141,0.06212546205979945,-0.30433109708380973,2.6838987681707716
R,-1.1531366584303195,-0.0934016737771818,1999-09-15,Drama,0.18687744744337134,1.5657923565384575,2.1121459195033125,0.1772090706242144,3.095340345570258
PG-13,-0.8318185203380934,-0.5312635720569026,1999-06-25,Comedy,-1.0916982201973384,-0.5843541538727974,-0.4722726550379575,-0.402776085751641,0.1330459479641136
PG-13,-0.7347536661227335,1.0472861692403392,1999-08-06,Thriller,-0.4744547944397544,1.3394611449162188,1.6471447879525143,1.3788981641691576,1.879211771609397
PG-13,-0.7012830267381266,-0.06603653813905705,1999-05-13,Romance,0.2750550796944548,0.20780508680503235,-0.2743822465541397,0.09720799886441996,0.44852380043686924
R,-0.40004727227666464,-0.8379461934714748,1999-06-18,Thriller,-0.07765544930987896,-0.6975197596839167,-0.9088108323856978,-0.8599223471100362,-0.6335881086523056
R,-0.40004727227666464,-0.35179326010740203,1999-12-10,Fantasy,3.1408281278546664,1.905289173971812,2.2366484715615558,-0.30384880499703176,-0.23921860925337657
R,-0.3498413131997543,0.2930175924380566,1999-03-30,Science Fiction,0.8041208732009554,2.0184547797829304,3.8242011328815657,0.42133463501446544,0.21932562712591375
PG,-0.23269407535363026,-0.2622078251893963,1999-07-30,Romance,-0.07765544930987896,-1.6028446061728656,-0.7868826286570592,-0.24260176219272983,-0.2957913262817672
R,-0.23269407535363026,-0.7365462720740755,1999-09-24,Crime,-0.5626324266908379,-0.47118854806167915,-0.8536642529721032,-0.7851616074955937,-0.6256074978822728
R,-0.06534087843059584,-0.7399912961606854,1999-03-05,Comedy,-0.6508100589419212,-0.24485733643944166,-0.6258407354793503,-0.8303250649944014,-0.6834100669265633
PG-13,-0.06534087843059584,0.12135421178540212,1999-04-16,Adventure,0.2750550796944548,0.0946394809939141,0.10736269330759883,0.1549028637405494,-0.15936448353219052
G,0.10201231849243857,0.41500974076880637,1999-10-30,Animation,-1.1357870363228801,1.1131299332939824,0.4773937173019073,0.44957024047359506,-0.10187643262196366
PG,0.5203953108000245,1.9537223753536808,1999-05-19,Science Fiction,0.8041208732009554,-0.47118854806167915,1.0391537499176338,2.1065297654115684,0.33862834286318794
PG,0.8216310652614865,-0.29580443961433356,1999-12-17,Family,-1.488497565327214,-1.1501821829283907,-0.6945909791052687,-0.5407350042303287,-0.6754136659535723
PG-13,0.8551017046460934,-0.07345088301075135,1999-11-08,Adventure,0.4514103441966216,0.5473019042383891,0.6545095133464506,-0.2946461924758936,-0.6011117367802733
PG,1.106131500030645,0.23709358553759569,1999-06-18,Animation,-1.312142300825047,0.43413629842726986,-0.47402674532136474,-0.0012723137537309548,-0.5473605550155243
PG-13,1.440837893876714,-0.5770238064567772,1999-06-29,Western,-0.5185436105652962,-2.281838241039577,-0.6048232004648556,-1.0149254859086652,-0.8420837451999645
PG-13,-1.1196660190457126,-0.6079419696147449,2000-10-01,Romance,0.0986998151922879,0.9999643274828631,-0.3000247750137333,-0.41957921774033036,1.1319845293188175
R,-1.0861953796611057,-0.3755081334209378,2000-07-07,Comedy,-1.312142300825047,-0.8106853654950349,-0.37525505720461305,-0.16196033716899472,1.4954894873525189
PG-13,-0.9021068630457679,-0.7505372720815134,2000-05-31,Crime,-0.8712541395696298,-2.0555070294173405,-0.822775227855484,-0.6362730325426429,-0.054102844034096154
PG,-0.9021068630457679,-0.8847946612096402,2000-09-29,Drama,-0.2099218976865041,0.9999643274828631,-0.4763203130120789,-0.789839897625018,-0.2719232692845815
G,-0.6510770676612163,-0.5671854209680997,2000-06-21,Comedy,-1.488497565327214,0.0946394809939141,-0.5392940470895825,-0.4883851613166032,-0.19484085210456326
R,-0.6008711085843059,-0.6296018008269955,2000-12-27,Drama,1.2890978505819142,0.7736331158606257,-0.47296671953858627,-0.5721454203187495,-0.3129076383494751
R,-0.5339298298150922,-0.45388877435856045,2000-03-17,Drama,0.5836767925732468,0.43413629842726986,-0.5553143176995501,-0.38764977166744824,-0.2067741341881865
PG-13,-0.48372387073818185,-0.18657321695160445,2000-10-06,Comedy,-0.4303659783142127,0.0946394809939141,-0.13070143040806761,-0.09425462602269263,-0.017366895868180174
PG-13,-0.23269407535363026,-0.029196768164138506,2000-12-15,Comedy,0.4073215280710799,-0.5843541538727974,-0.4890942546622874,0.023921948638191665,-0.1337744894147749
PG-13,-0.14901747689211306,-0.30948449006826934,2000-07-13,Adventure,-0.6067212428163795,0.5473019042383891,0.6545095133464506,-0.31728943824135764,-0.37817009880836355
PG-13,0.0016004003386179211,-0.9330831591070929,2000-07-27,Comedy,-0.5185436105652962,-2.8476662700951705,-0.9204427224485081,-1.0676774134052158,-0.8137627050058721
PG-13,0.10201231849243857,0.170896584565287,2000-12-22,Drama,1.1127425860797475,0.9999643274828631,0.4572027500108887,0.17034767874358317,-0.23389357729905338
PG-13,0.13548295787704545,-0.42565442876201254,2000-11-02,Comedy,-0.8712541395696298,-1.6028446061728656,-0.5421176276716858,-0.5202464617222273,-0.567700417984826
PG-13,0.269365515415473,-0.8171928011106432,2000-07-21,Drama,0.5395879764477051,-0.3580229422505609,-0.7131855980448412,-1.00107593331554,-0.7985558501986664
R,0.3195714744923833,0.27183728594580175,2000-05-01,Action,1.641808379586248,1.792123568160694,2.85731249641019,0.23221626477736332,-0.291881481305332
R,0.4367187123385074,-0.6015679866984118,2000-06-28,History,2.082696540841665,0.32097069261615163,-0.305570981341485,-0.7956619846034793,-0.7279385253049653
PG-13,0.6040719092615418,-0.20346644162339836,2000-03-15,Drama,0.5395879764477051,-0.5843541538727974,-0.5963587683958238,-0.3815267158929969,-0.5950777722405722
PG,0.6542778683384521,-0.13360454625432613,2000-11-17,Family,-0.6067212428163795,-0.9238509713061541,-0.47885995811665233,-0.31398386839813947,-0.5790469608640226
PG-13,0.687748507723059,0.591680248955214,2000-05-24,Adventure,0.23096626356891306,-0.9238509713061541,-0.13208955940932515,0.5073699188356421,-0.3045122784396266
PG,0.7295868069538176,-0.10078452005015555,2000-05-19,Animation,-1.5766751975782973,-0.47118854806167915,-0.9119246581226096,-0.29499385451325033,-0.583890370981297
R,-0.9021068630457679,-0.3411486258181558,2001-08-10,Comedy,-0.4303659783142127,-0.5843541538727974,-0.34526831593881113,-0.1680043479268304,0.610093068018862
PG,-0.8184302645842507,-0.8443312261250706,2001-03-18,Family,-1.312142300825047,-1.716010211983984,-0.7453554876489844,-0.7641683146347158,-0.32984434998015494
G,-0.7849596251996438,-0.7816188387252924,2001-08-03,Romance,-0.12174426543542068,-0.6975197596839167,-0.6916159662684827,-0.7006809526173751,-0.2874248178708503
PG-13,-0.7682243055073403,-0.630437198445236,2001-06-22,Crime,-0.5185436105652962,-0.1316917306283234,-0.034453613202693224,-0.5318780132102644,-0.11441115807629905
PG,-0.40004727227666464,0.36831090218643947,2001-05-16,Animation,-1.2239646685739636,0.9999643274828631,0.7476971370717799,0.5198238394240552,0.34493320493764007
PG-13,-0.40004727227666464,-0.24748625951332684,2001-12-11,Drama,0.7600320570754137,1.4526267507273372,1.4199364639944096,-0.1845399223247276,-0.15460428979747914
R,-0.2661647147382371,-0.6444767221521217,2001-12-10,Mystery,0.8041208732009554,-0.018526124817204146,-0.3178180649389435,-0.6716056273160215,-0.5465995529247099
PG,-0.23269407535363026,-0.7428071195200384,2001-06-22,Comedy,-1.3562311169505887,-2.508169452661815,-0.9411573929536375,-0.7923229169868572,-0.629960779276948
PG-13,0.018335720030921362,0.24688608182060856,2001-12-07,Thriller,-0.07765544930987896,0.9999643274828631,0.45558431778896796,0.27787779038790783,-0.14112398201483733
PG-13,0.05180635941552825,-0.10999549958299067,2001-02-08,Thriller,0.5836767925732468,-0.1316917306283234,-0.30741656194542966,-0.1385766281928619,-0.36216434625948
PG-13,0.10201231849243857,-0.12573206255334643,2001-08-03,Comedy,-1.2239646685739636,-0.3580229422505609,-0.47077410668432723,-0.16894337799045145,-0.39431126076623174
R,0.13548295787704545,-0.7540323443420859,2001-12-28,War,1.1568314022052892,0.8867987216717449,0.023037011319843086,-0.8958531034526976,-0.7414275993251708
PG-13,0.1522182775693489,-0.048409104196422637,2001-07-18,Adventure,-1.1357870363228801,0.5473019042383891,2.042171598485376,-0.09286638529384987,-0.375680753398919
PG-13,0.1522182775693489,1.7628956689026092,2001-12-18,Fantasy,2.6558511504737075,2.1316203855940508,3.8086793267765953,1.9789480416060068,0.572279747999994
PG-13,0.2358948760308661,0.1830820445297262,2001-04-28,Adventure,0.5395879764477051,-0.6975197596839167,-0.15846401043321823,0.15130733987497333,-0.29619806684844957
PG-13,0.269365515415473,-0.07208375733127172,2001-07-25,Science Fiction,0.05461099906674619,-1.3765133945506283,-0.42405410127609366,-0.14880209765704122,-0.43589431664437606
PG-13,0.5203953108000245,-0.38746041365587836,2001-06-11,Adventure,-0.7830765073185464,-1.26334778873951,-0.47124102280293206,-0.5713720158445723,-0.6522472736500173
G,0.5203953108000245,0.6508866260798757,2001-11-01,Comedy,-1.1357870363228801,1.2262955391051007,1.3262030531844948,0.6163145673319382,-0.21278019402566514
PG,0.687748507723059,2.13674019716231,2001-11-04,Fantasy,1.5095419312096228,0.7736331158606257,0.7737119364908017,2.274647043404667,0.29710040086213074
PG-13,0.9387783031076106,0.2414938208482201,2001-05-21,War,2.876295231101416,-0.8106853654950349,-0.12907037883159003,0.044983737561446975,-0.5084093603229326
PG,-1.320489855353354,-0.048541603736692765,2002-02-22,Comedy,-1.003520587946255,-0.47118854806167915,-0.7037526305135684,0.26974406436159853,11.865230050257523
PG-13,-0.9021068630457679,-0.7265241459608477,2002-09-26,Romance,-0.4303659783142127,-0.8106853654950349,-0.7603157324761736,-0.6088062351981847,-0.01514372694441973
PG-13,-0.6008711085843059,-0.4788366484259484,2002-10-18,Horror,-0.12174426543542068,0.20780508680503235,-0.1090970954066777,-0.39969657435020484,-0.16003090553884133
PG-13,-0.5674004691996991,-0.7602315713028172,2002-06-28,Comedy,-0.9594317718207133,-1.26334778873951,-0.6587173089386792,-0.729807518052055,-0.4704027121593854
PG,-0.4167825919689681,0.003762979913464224,2002-03-10,Animation,-1.620764013703839,0.6604675100495073,0.23341111629906103,0.10696736037403688,0.06820127766418636
PG-13,-0.40004727227666464,-0.6061093998817686,2002-06-14,Action,0.05461099906674619,1.1131299332939824,0.4534579565461326,-0.5947417873395485,-0.44552103354992173
PG-13,-0.3498413131997543,-0.3083459851105788,2002-07-26,Science Fiction,-1.0476094040717967,-0.8106853654950349,-0.47686294525802503,-0.2665196423447727,-0.24527332979963162
G,-0.31637067381514744,-0.7545173867227956,2002-10-31,Family,-0.6067212428163795,-1.4896790003617475,-0.9219160320930246,-0.7851059276499912,-0.6047833575846303
PG-13,-0.23269407535363026,-0.3775673957578181,2002-08-09,Adventure,0.2750550796944548,-1.1501821829283907,-0.53671023424406,-0.37455284305677894,-0.3760029392603064
PG-13,-0.19922343596902337,0.0938287216104957,2002-08-02,Science Fiction,-0.5185436105652962,-0.24485733643944166,-0.0504865031672177,0.1563969031839393,-0.07665005943494596
PG-13,-0.08207619812289928,1.9608216044956577,2002-12-18,Fantasy,2.699939966599249,2.0184547797829304,3.299482060728941,2.2630526750222293,0.9854831276991585
PG,-0.06534087843059584,-0.85212533814095,2002-06-21,Animation,-1.4444087492016722,-0.24485733643944166,0.04336994634962668,-0.9585867078563144,-0.7516328055440089
PG,0.0016004003386179211,-0.3840461565643803,2002-06-14,Mystery,-1.312142300825047,-2.168672635228459,-0.7817465513524062,-0.4396755444410838,-0.4956331721182874
PG,0.269365515415473,1.782069154260499,2002-11-13,Fantasy,1.9063412763394982,0.5473019042383891,0.5270130194195856,1.9720230715615548,0.46656411407241966
PG-13,0.30283615480007986,-0.08591868430482041,2002-06-20,Science Fiction,1.2009202183308307,0.7736331158606257,0.44140647294430585,-0.17287141445734452,-0.45495421296209476
PG-13,0.6040719092615418,0.9629248345834747,2002-05-15,Science Fiction,1.0686537699542058,-0.3580229422505609,0.7865836781388261,0.9526199773335504,-0.12198678365190146
PG-13,0.9220429834153072,1.5839237556046262,2002-05-01,Fantasy,0.14278863131782962,0.43413629842726986,0.9913958025970963,1.584610022933932,-0.03429445487819779
PG-13,0.9387783031076106,0.21474904182279161,2002-07-03,Action,-1.312142300825047,0.5473019042383891,0.47756723342706453,0.014392409226167453,-0.5177074265943905
PG-13,0.9387783031076106,0.17932615017670478,2002-11-17,Adventure,0.6718544248243302,-0.9238509713061541,-0.4528356941817129,-0.026125155263715647,-0.5300225178403802
PG-13,-1.0694600599688022,-0.8993232312953111,2003-03-07,Comedy,-0.5626324266908379,-1.4896790003617475,-0.9602031538186186,-0.7652350740250559,0.09238833398436715
PG,-0.868636223661161,-0.7525588045751438,2003-10-09,Comedy,-0.9153429556951715,-0.018526124817204146,-0.4527978361180422,-0.6468299015883485,-0.12074995552871576
PG,-0.7682243055073403,-0.6674568564128934,2003-07-25,Family,-1.488497565327214,-3.073997481717408,-0.9059714776103983,-0.5742219978313977,-0.16182776403022703
PG,-0.7347536661227335,-0.6919633032073194,2003-12-24,Comedy,-0.8712541395696298,-1.26334778873951,-0.7872359705846519,-0.6104976583957124,-0.2371190063395528
PG-13,-0.14901747689211306,-0.6720200411105374,2003-04-11,Comedy,-0.5185436105652962,-0.8106853654950349,-0.45311331998196436,-0.7319664136839625,-0.6134425062617339
PG-13,-0.1322821571998096,-0.5256818834131926,2003-06-05,Thriller,-0.4744547944397544,-1.1501821829283907,-0.3196888842520019,-0.5687035673856062,-0.525747855769701
PG-13,-0.06534087843059584,0.36890057109111446,2003-05-23,Comedy,-0.7389876911930047,-0.24485733643944166,0.04336994634962668,0.438052406629801,-0.008756423139734404
PG-13,-0.06534087843059584,-0.9571020984130831,2003-08-08,Crime,-0.03356663318433724,-1.0370165771172724,-0.6471264317781787,-1.078661677928246,-0.8155010292384017
PG-13,-0.06534087843059584,-0.41620054962316283,2003-12-12,Drama,0.4514103441966216,-0.24485733643944166,-0.7343734943458538,-0.45996533871523004,-0.4864146578815137
PG-13,0.05180635941552825,-0.8428814796932261,2003-07-22,Drama,1.024564953828664,0.43413629842726986,-0.8649459559459599,-0.976869426520297,-0.7721784729445739
G,0.16895359726165232,2.0114505059413856,2003-05-30,Animation,-0.7830765073185464,1.3394611449162188,1.734514889227119,2.2591288103184035,0.6834945315811994
PG-13,0.16895359726165232,2.6549497337707852,2003-12-01,Fantasy,3.669893921361167,2.244785991405169,3.7604891665624844,2.9951788686610565,1.0166921092905383
PG-13,0.4367187123385074,0.09185405139136919,2003-05-02,Action,0.6718544248243302,0.5473019042383891,0.47756723342706453,-0.0025090024100387237,-0.4211164423391225
R,0.7714251061845762,-0.39237543481806386,2003-07-18,Comedy,1.2890978505819142,-0.3580229422505609,-0.4028220372341319,-0.6388283693348075,-0.7024351288075912
PG-13,0.8885723440307003,-0.49321086816997123,2003-06-19,Science Fiction,0.8922985054520388,-1.4896790003617475,-0.3005169298414519,-0.783022457659232,-0.7571042275053759
PG-13,0.9387783031076106,0.9831534797509986,2003-07-09,Adventure,1.1127425860797475,1.2262955391051007,2.0135130442866864,0.8933120829538167,-0.25056461788597717
R,0.9387783031076106,0.26866059099753736,2003-12-05,War,1.5977195634607062,0.8867987216717449,0.12007669302366213,0.07605774960157895,-0.49896458498978624
R,1.106131500030645,1.2844028956188043,2003-05-15,Science Fiction,0.8922985054520388,0.32097069261615163,0.47117553034400145,1.196665532090034,-0.20752769997173545
R,1.106131500030645,0.1541600492043138,2003-11-05,Science Fiction,0.49549916032216335,-0.24485733643944166,0.2686538187378062,-0.09613370847922395,-0.5742709817249284
R,1.9428974846458171,0.19024212290978068,2003-07-02,Thriller,-0.386277162188671,-0.6975197596839167,0.06041238467870209,-0.26097693157836244,-0.6897373364065735
R,-1.3037545356610505,-0.9481961002782031,2004-06-25,Drama,0.18687744744337134,0.6604675100495073,-0.6774507407783774,-0.7634249122273405,2.411109593830845
PG-13,-1.0694600599688022,-0.7730156235735826,2004-06-18,Comedy,-1.1357870363228801,-0.9238509713061541,-0.331617329146899,-0.6207613621508492,0.399772273948323
R,-0.9021068630457679,0.8277803202184075,2004-02-25,Drama,0.4073215280710799,0.20780508680503235,-0.42430017868995296,1.169044993734119,2.5065741612888623
PG-13,-0.40004727227666464,-0.4523526446415063,2004-07-30,Drama,-0.4303659783142127,-0.47118854806167915,-0.33636851613756685,-0.41887107332654644,-0.32079284529502183
PG-13,-0.14901747689211306,-0.6693637109418454,2004-02-13,Comedy,-0.8271653234440881,-0.1316917306283234,-0.09157827644307982,-0.7289280386695307,-0.6117186444446447
PG-13,-0.14901747689211306,-0.3377370392600275,2004-07-23,Action,-0.4303659783142127,0.8867987216717449,0.23603909688553268,-0.3496053907422912,-0.39650497726629647
PG,-0.14901747689211306,-0.05383590911260245,2004-09-20,Animation,-1.2239646685739636,-1.0370165771172724,-0.5693975173850355,-0.024872377287989314,-0.21226345343094224
PG-13,-0.06534087843059584,0.4844799002469714,2004-12-22,Comedy,-0.12174426543542068,-0.6975197596839167,-0.3054952652141437,0.5702548527078357,0.061562440100453586
PG,0.13548295787704545,0.8982113022842265,2004-11-05,Animation,-0.12174426543542068,1.2262955391051007,0.8805915599103531,0.9940233406849915,0.1326860910210026
PG,0.269365515415473,-0.1252776321975259,2004-11-19,Mystery,0.5836767925732468,-0.1316917306283234,-0.1542523008498573,-0.20964654471387323,-0.46178498646746713
PG-13,0.4367187123385074,-0.0701645051845166,2004-12-09,Thriller,0.31914389581999647,-0.47118854806167915,-0.00251718165785236,-0.18782976561053305,-0.49280564210074906
PG-13,0.6040719092615418,-0.12605961194045345,2004-07-15,Science Fiction,-0.12174426543542068,0.20780508680503235,0.4251779829841496,-0.2929869025719523,-0.5636813838028005
PG-13,0.687748507723059,0.5840553427985943,2004-05-26,Action,0.2750550796944548,-0.5843541538727974,0.17465855632083607,0.49864836583492106,-0.30748125076178895
PG,0.7714251061845762,1.4689430692105168,2004-05-31,Fantasy,1.024564953828664,1.1131299332939824,0.5163528196576556,1.4901929786872412,-0.005553522902918605
PG,0.9387783031076106,-0.623987121545678,2004-12-16,Comedy,-0.4303659783142127,-0.1316917306283234,-0.4762445968847376,-0.9449744016150153,-0.8093017008956876
PG,1.106131500030645,1.9375809652907994,2004-05-19,Animation,-1.0916982201973384,0.32097069261615163,0.16820691130362778,1.943786484996091,0.004416723831212558
PG-13,1.2734846969536795,-0.29536436742982913,2004-05-05,Horror,0.6277656086987885,-0.9238509713061541,-0.331617329146899,-0.6515336180365465,-0.7420789204285066
G,1.3571612954151966,-0.2751164086478265,2004-11-10,Animation,-0.7830765073185464,-0.3580229422505609,-0.5670534722760938,-0.6489849882191946,-0.7460813011530748
R,1.524514492338231,0.41516464972404726,2004-05-13,War,1.9945189085905817,0.32097069261615163,0.3871337838337756,0.09935230981477408,-0.5726769573418152
PG-13,1.9428974846458171,1.447181599156033,2004-06-25,Action,0.4073215280710799,0.43413629842726986,0.5472670834833886,1.1767409938105282,-0.38384680813688266
R,-0.9690481418149817,-0.9830293698710776,2005-08-11,Comedy,-0.07765544930987896,0.8867987216717449,0.5125670132905896,-0.8857139631013197,-0.33284475535607727
PG-13,-0.9355775024303747,-0.7055618681558694,2005-09-13,Drama,0.8041208732009554,0.9999643274828631,-0.3775107668316565,-0.5765844812722021,0.09673180854652903
R,-0.7347536661227335,-0.3497147093837537,2005-07-14,Comedy,0.05461099906674619,-0.018526124817204146,-0.06210892871411029,-0.21902539773542185,0.17933144788955357
PG-13,-0.48372387073818185,-0.5724013042034878,2005-09-22,Thriller,-0.8712541395696298,-0.6975197596839167,-0.6070158133191146,-0.5355741705540997,-0.3588056471471592
PG,-0.46698855104587844,-0.9702077715589539,2005-03-04,Comedy,-1.003520587946255,-1.4896790003617475,-0.8073669959415254,-0.9947171729277874,-0.7172806656230285
PG-13,-0.23269407535363026,-0.050861198027643904,2005-02-10,Comedy,0.010522182941204475,-0.3580229422505609,-0.17658540357690744,-0.0008583528375095341,-0.14883816254609528
PG,-0.14901747689211306,-0.43793870566905113,2005-03-10,Animation,-1.1798758524484219,-0.6975197596839167,-0.6727216376581842,-0.46421849238527535,-0.4615322200266676
PG,-0.14901747689211306,0.5422792234341186,2005-05-25,Animation,-1.4003199330761305,-0.018526124817204146,0.008196650360944397,0.6569786011039789,0.17459362017313104
PG-13,-0.03187023904598896,-0.6915724358704501,2005-05-19,Drama,-0.2099218976865041,-0.5843541538727974,-0.5835248848114701,-0.7831869867180671,-0.6641301203511417
PG-13,0.269365515415473,-0.1860842534638686,2005-06-29,Action,-0.5185436105652962,-1.3765133945506283,-0.11753313392795642,-0.27919863614633833,-0.49138095326294795
PG-13,0.269365515415473,-0.6493861391585852,2005-12-21,Comedy,-1.2239646685739636,-0.9238509713061541,-0.6656327152358531,-0.8091345944941617,-0.7168805278116526
PG-13,0.4367187123385074,0.3459602389498245,2005-06-07,Comedy,0.0986998151922879,-0.24485733643944166,-0.5918410394644584,0.2881438314846051,-0.30868074592547645
PG-13,0.48692467141541773,1.6858849683361825,2005-05-17,Science Fiction,0.9804761377031223,0.6604675100495073,0.9960933573308973,1.8084154199766378,0.24821702461910375
PG-13,0.8048957455691831,0.7551243657963523,2005-06-28,Science Fiction,-0.07765544930987896,-0.47118854806167915,0.17701837562297387,0.665465203871479,-0.2849065144260993
PG-13,1.106131500030645,-0.028811267121719518,2005-06-10,Action,0.9804761377031223,1.4526267507273372,2.7894613817964498,-0.30542074758117804,-0.6336418516481365
PG,1.106131500030645,0.3342878926001264,2005-07-13,Family,-0.12174426543542068,-0.3580229422505609,0.1869561173365221,0.10990089716877798,-0.5158227671384152
G,1.106131500030645,-0.24427756862004632,2005-11-04,Animation,-1.620764013703839,-1.3765133945506283,-0.812954215171587,-0.5518763405795964,-0.7035567542457506
PG-13,1.106131500030645,1.8513824838734554,2005-11-05,Fantasy,1.7299860118373314,0.8867987216717449,0.5125670132905896,1.8451905667223485,-0.023553118276104887
PG,1.6081910907997483,1.3211894243123843,2005-12-07,Fantasy,1.1127425860797475,-0.018526124817204146,0.02380994678645239,1.1150739921500217,-0.3415360050835753
PG-13,2.060044722491941,0.6046973692327595,2005-12-14,Adventure,3.052650495603583,0.32097069261615163,0.10949220938907345,0.1842309846924344,-0.6051874845285153
R,-1.1029306993534091,-0.43478253886933504,2006-11-01,Comedy,-1.5766751975782973,0.43413629842726986,-0.003343749381328435,-0.2256375473842608,1.4778077969873566
PG-13,-0.8184302645842507,-0.20060325143532867,2006-06-30,Comedy,-0.386277162188671,-0.018526124817204146,0.026737637043650092,-0.027856610073047988,0.5653472481655245
PG-13,-0.6510770676612163,-0.7350287820312299,2006-04-13,Comedy,-1.5325863814527556,-2.168672635228459,-0.724385275214078,-0.6803684774732721,-0.3763812625041302
PG-13,-0.5339298298150922,-0.6386695013791973,2006-06-01,Romance,-0.5185436105652962,-1.26334778873951,-0.6907546953199751,-0.5990064587032796,-0.37972987699586264
PG-13,-0.48372387073818185,-0.27078601805610414,2006-12-14,Drama,-0.03356663318433724,1.2262955391051007,0.24005205163462262,-0.1905792748886245,-0.0918910546862342
PG-13,-0.23269407535363026,-0.8190909016240012,2006-12-25,Drama,0.7159432409498719,-0.47118854806167915,-0.8603556657258924,-0.8795781611891174,-0.6830022839957359
PG-13,-0.19085577612287166,-0.7901565303045378,2006-08-04,Comedy,-0.07765544930987896,-0.3580229422505609,-0.5706436786475281,-0.8567880627680122,-0.6769656413061621
PG,-0.06534087843059584,1.0045233544689631,2006-03-23,Animation,-1.1798758524484219,-0.1316917306283234,-0.30859962643513783,1.1650931963558426,0.37795867464753874
PG,-0.06534087843059584,-0.13989041238133224,2006-04-22,Animation,-1.5325863814527556,-0.24485733643944166,-0.5918410394644584,-0.14391508746079637,-0.3183066156001375
PG-13,-0.02350257919983724,-0.5208863190648733,2006-06-22,Comedy,-0.4744547944397544,-0.5843541538727974,-0.15684557821129752,-0.5900132052047677,-0.5658984021133913
R,0.10201231849243857,-0.33288201319771626,2006-10-05,Drama,1.465453115084081,1.792123568160694,2.4084199709512575,-0.4058865267363714,-0.5063385903431351
PG,0.269365515415473,0.007649748421398447,2006-11-16,Animation,-0.4303659783142127,-0.5843541538727974,-0.5603399756518301,-0.05760097569287305,-0.397086204310572
PG,0.4367187123385074,0.692925308248835,2006-10-20,Family,-0.4303659783142127,-0.5843541538727974,-0.14221028176394823,0.6850109114371935,-0.1551572934953031
G,0.6040719092615418,0.2874882765216471,2006-06-08,Animation,-0.03356663318433724,0.20780508680503235,0.0023254956533528878,0.1800392243695837,-0.39594540757230573
PG-13,0.687748507723059,1.3897132995721448,2006-05-17,Mystery,1.3772754828329976,-0.3580229422505609,0.127632531564598,1.4201795199400629,0.006224403531922582
PG-13,1.106131500030645,0.0563551018016441,2006-05-03,Adventure,0.3632327119455382,-0.018526124817204146,-0.08215792826636395,-0.20800538466563342,-0.6060069113049678
PG-13,1.106131500030645,0.7814569816931679,2006-11-14,Thriller,1.1568314022052892,1.2262955391051007,0.6592102229188908,0.6213837706233258,-0.3707245170120649
PG-13,1.9428974846458171,2.463114016200768,2006-06-20,Adventure,1.465453115084081,0.43413629842726986,0.8972806563118357,2.338789186720272,-0.13660809091225587
PG-13,2.1102506815688513,0.27803295219537333,2006-05-24,Action,-0.6067212428163795,-0.24485733643944166,0.38906769991961854,-0.20178260231793743,-0.6875575767013056
PG-13,3.1143698631070578,0.03196055431976666,2006-06-28,Action,1.5977195634607062,-1.0370165771172724,-0.23681127319964893,-0.7305839235573716,-0.8171837589133438
PG-13,-1.2786515561225953,-0.5434821127579157,2007-12-05,Comedy,-0.9594317718207133,0.5473019042383891,0.42113347984866745,-0.30668665919043436,4.341082418843191
R,-0.9021068630457679,-0.5879371807356566,2007-06-01,Comedy,0.49549916032216335,-0.018526124817204146,-0.006258820283969249,-0.45028709573687586,0.209701042461283
PG-13,-0.40004727227666464,-0.4634243408244811,2007-03-02,Comedy,-0.7830765073185464,-1.26334778873951,-0.7181607785788937,-0.43153514854062147,-0.32977425624931284
R,-0.40004727227666464,0.25930094456586683,2007-03-09,Action,1.641808379586248,1.3394611449162188,1.0829649941005048,0.3951356001899525,0.2565038250738987
PG,-0.40004727227666464,-0.07512948802565671,2007-12-13,Family,-1.1357870363228801,-1.9423414236062215,-0.842161711293501,0.012605942383107024,-0.01478768266676654
PG-13,-0.23269407535363026,0.21843999284069354,2007-08-03,Action,-0.12174426543542068,1.2262955391051007,0.7780025170401432,0.30717489518829266,0.03841186612646107
PG-13,-0.14901747689211306,0.5220544561261167,2007-07-25,Comedy,-1.3562311169505887,0.43413629842726986,-0.13150275942242992,0.6338450206531753,0.16146848063562136
PG,0.018335720030921362,-0.15037647248937666,2007-11-20,Family,-0.4744547944397544,0.0946394809939141,-0.5370351826238997,-0.1765207755024252,-0.3686024862727107
R,0.269365515415473,-0.4171509171267334,2007-11-02,Crime,1.7299860118373314,0.9999643274828631,0.10907892552733542,-0.543498302586938,-0.6038463585574527
PG-13,0.4367187123385074,0.004751646685753704,2007-06-20,Thriller,0.4514103441966216,0.20780508680503235,0.11706066728456621,-0.10213885011259187,-0.4596570997960615
PG,0.7714251061845762,-0.33576370610956524,2007-06-13,Action,-1.1357870363228801,-1.4896790003617475,-0.3029146072072604,-0.5740744979753598,-0.6812395771972514
PG,0.7714251061845762,0.270838055970669,2007-12-13,Mystery,0.2750550796944548,-0.47118854806167915,-0.40932415966956776,0.11977134217579999,-0.4541265875675159
PG-13,0.9387783031076106,-0.44757843374826933,2007-08-08,Comedy,-1.1798758524484219,-0.8106853654950349,-0.6109846003272554,-0.7431938565420734,-0.747971612191582
G,1.106131500030645,0.8703913578746216,2007-06-22,Animation,-0.29809952993758754,1.2262955391051007,0.8082479550743612,0.7231090718297178,-0.3418669267296504
PG-13,1.106131500030645,1.1802848145378793,2007-06-27,Action,1.1568314022052892,0.0946394809939141,0.7495931950939522,1.0775727401489419,-0.2413121268023037
PG-13,1.106131500030645,2.003800029698047,2007-06-28,Fantasy,0.8922985054520388,0.6604675100495073,0.4008794157848644,2.0195294604535103,0.025903607886600757
PG-13,1.106131500030645,0.7320937400747025,2007-12-14,Drama,-0.7389876911930047,0.32097069261615163,0.9697378353388396,0.5649208949866101,-0.3867419926249942
PG,1.2734846969536795,1.5019323048779056,2007-05-17,Animation,-1.0916982201973384,-1.0370165771172724,-0.2402721311868751,1.4042580026829778,-0.19533816745343904
PG-13,2.9135460267994167,1.8331846189574927,2007-05-01,Action,0.9363873215775805,-0.8106853654950349,0.41934784117886803,1.3791674902247284,-0.4655612996131859
PG-13,3.616429453876161,2.085924380004449,2007-05-19,Adventure,2.259051805343832,0.20780508680503235,0.7174864022625933,1.4951209603786697,-0.5093544326729444
R,-1.1531366584303195,-0.015505916646087671,2008-05-12,Drama,0.0986998151922879,1.2262955391051007,1.3257803048068393,0.2663081310448234,3.3480979338667347
R,-0.8519009039688575,-0.4045616011584011,2008-12-09,Drama,-0.07765544930987896,1.3394611449162188,1.0829649941005048,-0.25290453706481497,0.363713853749427
PG-13,-0.7849596251996438,0.03749419138261388,2008-11-20,Romance,0.18687744744337134,-1.9423414236062215,0.1980832332170569,0.23624044142039777,0.7900912857923905
PG-13,-0.5339298298150922,0.8203641553475881,2008-07-03,Romance,-0.4303659783142127,-0.5843541538727974,-0.4390805977147064,1.069871702627406,0.9859333820971614
PG,-0.40004727227666464,-0.48441893893075527,2008-12-25,Drama,-0.12174426543542068,-2.508169452661815,-0.2705428079302069,-0.4555492801707848,-0.34680517096160274
R,-0.31637067381514744,0.11907397993097568,2008-05-12,Drama,1.2009202183308307,-1.4896790003617475,-0.713923830286419,0.21412911193519374,0.04936557305834347
R,-0.14901747689211306,-0.44668546289037653,2008-06-19,Crime,-0.34218834606312926,-0.24485733643944166,0.023289398410980818,-0.47422324590266796,-0.4672085478321894
PG-13,-0.06534087843059584,-0.5460990588663309,2008-06-19,Comedy,-0.34218834606312926,-0.47118854806167915,-0.4574985456904825,-0.6085464110337899,-0.5654453597664257
G,0.018335720030921362,-0.30660677592678504,2008-03-03,Animation,-1.312142300825047,-0.1316917306283234,-0.6775296117443579,-0.35522079406791923,-0.45806230411893056
PG,0.7714251061845762,0.8993013844533119,2008-06-04,Animation,-1.2239646685739636,0.6604675100495073,0.16562940813538368,0.8386229733676611,-0.218828580989242
PG-13,0.9387783031076106,0.7314638113477955,2008-04-30,Action,0.3632327119455382,1.1131299332939824,1.7271546506818147,0.6054233224073401,-0.3380668258656802
PG-13,1.106131500030645,-0.7874683483491763,2008-06-12,Action,-0.16583308156096238,-0.24485733643944166,0.23022472927344717,-1.1731911577852725,-0.879812299510118
PG-13,1.106131500030645,0.871496162214848,2008-07-01,Fantasy,-1.1357870363228801,-0.5843541538727974,0.259271328624761,0.7243727738885749,-0.34150843778126627
PG,1.106131500030645,0.7989520170063747,2008-10-30,Animation,-1.2680534846995053,-0.3580229422505609,-0.46908626801234365,0.6413950172668208,-0.3650476957116623
PG-13,1.106131500030645,-0.17400247218226608,2008-11-24,Mystery,2.126785356967207,0.9999643274828631,0.66829300336121,-0.4714939770955847,-0.6807537614421473
G,1.6081910907997483,0.5445112595493357,2008-06-23,Animation,-0.9153429556951715,0.7736331158606257,0.2883715602329416,0.22669062855900113,-0.5515509736327832
PG-13,1.6918676892612654,1.457523850501521,2008-05-21,Adventure,0.18687744744337134,-0.9238509713061541,0.19633229777228886,1.2504051451042404,-0.32538959840197995
PG-13,1.6918676892612654,2.2429072116345856,2008-07-16,Action,1.5095419312096228,2.357951597216287,5.6447954148036015,2.148745723900705,-0.11876043049372266
PG-13,1.9428974846458171,0.7347668574828498,2008-10-30,Action,-0.5185436105652962,-0.3580229422505609,0.14076612481967776,0.3618636956022841,-0.5572210443636965
PG,2.3612804769534033,0.13492644981591398,2008-05-15,Fantasy,1.4213642989585393,-0.47118854806167915,-0.49011642238139524,-0.4273057310481862,-0.7440947349231994
PG-13,-0.9857834615072851,-0.5601020708679949,2009-01-30,Thriller,-1.2239646685739636,0.7736331158606257,0.4263547377965793,-0.39783714287642225,0.5200852441939193
PG,-0.9690481418149817,-0.716899028330052,2009-01-15,Comedy,-1.1798758524484219,-1.9423414236062215,-0.7590506421818456,-0.5813076096100086,0.1653540735699288
R,-0.9188421827380713,-0.26310593168838486,2009-11-20,Drama,0.49549916032216335,0.7736331158606257,-0.2063954738789129,-0.07461492187450772,0.7990540674827664
R,-0.8184302645842507,0.2777124305276604,2009-06-05,Comedy,-0.7830765073185464,0.8867987216717449,1.0829555295845872,0.5192524933871365,1.2305104795148547
PG-13,-0.7347536661227335,-0.23367340318263452,2009-06-01,Romance,-0.4303659783142127,-0.24485733643944166,-0.19046669358948276,-0.08629453108372892,0.32053131123130746
PG-13,-0.5674004691996991,1.180708935601338,2009-03-15,Romance,0.5395879764477051,-2.508169452661815,-0.2705428079302069,1.490287412233037,1.4189971458832185
PG,-0.14901747689211306,0.21957836445191356,2009-12-21,Family,-1.312142300825047,-2.7345006642840524,-0.9391729994495671,0.28786551470250304,-0.0348275186965355
PG-13,0.018335720030921362,-0.06852210914230522,2009-04-03,Thriller,-0.4744547944397544,2.1316203855940508,4.890400934877,-0.08289376507004372,-0.32173144861975594
PG,0.10201231849243857,1.8181027403061047,2009-06-29,Animation,-1.0476094040717967,-0.018526124817204146,-0.407349230681415,2.0544621183600302,0.6569205711777718
PG-13,0.10201231849243857,0.5110978019076452,2009-12-23,Mystery,0.4514103441966216,0.7736331158606257,0.6885407577477346,0.5594781004190386,-0.04991171402018837
PG-13,1.106131500030645,-0.03297675498082661,2009-04-28,Action,-0.4744547944397544,-0.3580229422505609,0.33869123652852706,-0.31018533384503943,-0.6349934768253257
PG-13,1.106131500030645,0.012496488982741943,2009-05-06,Science Fiction,0.4073215280710799,1.1131299332939824,0.7037281509569476,-0.25817193208026246,-0.620238234820417
PG,1.106131500030645,0.1113376646001857,2009-05-20,Family,-0.5626324266908379,-1.0370165771172724,-0.5474903178742804,-0.14511499287417,-0.5881660679995607
PG-13,1.106131500030645,1.6365007444703772,2009-06-19,Action,1.4213642989585393,-1.0370165771172724,0.09932100961622282,1.5994036100574405,-0.0932783410877508
PG,1.524514492338231,-0.0025340945249859143,2009-03-19,Animation,-1.0476094040717967,0.8867987216717449,0.11673887374336561,-0.37842166687080797,-0.6888503787588212
PG,1.524514492338231,1.2717868094455183,2009-05-13,Animation,-0.9594317718207133,1.4526267507273372,1.6702192777597815,1.0791775580398684,-0.3344269541358299
PG-13,1.524514492338231,-0.2873940614788412,2009-08-04,Action,0.010522182941204475,-1.26334778873951,-0.457861352133993,-0.7042514211707743,-0.7680777105174111
PG-13,1.9428974846458171,1.396319845941045,2009-10-10,Adventure,1.774074827962873,-2.96083187590629,-0.9749362502637838,1.118564084185352,-0.39622459469993854
PG-13,2.5621043132610444,8.67023103353547,2009-12-10,Adventure,1.95043009246504,0.9999643274828631,2.29167516710686,9.286115573414088,0.9922205266668831
PG,2.779663469260989,1.988470443759787,2009-07-07,Fantasy,1.5536307473351645,0.7736331158606257,0.2883715602329416,1.589765555338121,-0.41594647215337005
R,-1.1531366584303195,0.1153214048238835,2010-09-06,Drama,0.010522182941204475,1.2262955391051007,0.8378561157034565,0.41595160136506215,3.7726088376170743
PG-13,-0.7682243055073403,-0.46828427908245096,2010-12-22,Western,-0.34218834606312926,0.7736331158606257,-0.1518640879999665,-0.34640356258815513,0.0932823081470136
PG,-0.7347536661227335,-0.08779465651198343,2010-06-10,Action,0.9804761377031223,-0.8106853654950349,-0.594497413598683,0.08056512523640595,0.4980375783415926
PG-13,-0.2661647147382371,1.1398540457346371,2010-06-23,Romance,0.2750550796944548,-2.168672635228459,-0.3876283343476404,1.3693552767642363,0.7305686881306115
PG,-0.2494293950459337,0.5813220392807635,2010-07-08,Animation,-1.003520587946255,0.7736331158606257,0.4263547377965793,0.7263704960102014,0.31046936581753704
R,-0.06534087843059584,-0.31501776313129154,2010-02-18,Drama,0.8922985054520388,1.3394611449162188,2.1946575692735157,-0.3442300080733749,-0.4248547009450229
PG-13,-0.06534087843059584,-0.3992567145598549,2010-06-24,Comedy,-0.694898875067463,-1.1501821829283907,-0.388448592393838,-0.44058456831560733,-0.4761059700799573
PG-13,0.269365515415473,-0.2579080286027699,2010-12-21,Comedy,-0.8712541395696298,-1.6028446061728656,-0.7481159714583033,-0.36135241597246326,-0.5263392196469018
PG-13,0.687748507723059,0.39999251713584477,2010-04-02,Thriller,-0.4303659783142127,-1.26334778873951,-0.2458372665464621,0.28811283182228703,-0.37915130462301067
PG,0.7714251061845762,-0.21741170379143557,2010-10-28,Animation,-1.003520587946255,0.32097069261615163,-0.395663708361738,-0.4387006009388836,-0.6369283358600056
PG,1.106131500030645,-0.2296085270375413,2010-06-30,Adventure,-0.6508100589419212,-3.187163087528527,-0.6253769741993846,-0.5350975342567766,-0.6987969165991701
PG-13,1.2734846969536795,1.5977060611777265,2010-07-14,Action,1.333186666707456,2.1316203855940508,4.890400934877,1.5138063531137371,-0.16620362531500632
PG,1.3571612954151966,0.4060426951781223,2010-03-05,Animation,-0.8712541395696298,1.3394611449162188,0.9027574561895245,0.13014135168783306,-0.545150609033014
PG,1.3571612954151966,1.3348625191260992,2010-05-16,Animation,-1.0916982201973384,-0.6975197596839167,-0.5251698345017871,1.1925480431655855,-0.27116409247257806
PG,1.440837893876714,0.06410356968104801,2010-12-17,Science Fiction,0.31914389581999647,-0.018526124817204146,0.6556894229975194,-0.28158840918349193,-0.6585241635324638
PG,1.9428974846458171,2.318347674619165,2010-03-03,Fantasy,-0.4303659783142127,-0.5843541538727974,0.0831650809447687,2.173201926380248,-0.17183862789428594
PG-13,1.9428974846458171,0.8711500380247884,2010-04-28,Action,0.2750550796944548,0.0946394809939141,1.0648309816022588,0.5178620925754408,-0.5240306450394088
G,1.9428974846458171,2.467834809218692,2010-06-16,Animation,-0.6508100589419212,1.5657923565384575,1.1591827407854611,2.344188944522604,-0.13545923219837638
PG-13,2.779663469260989,2.0617990049872446,2010-10-17,Fantasy,1.2450090344563725,0.8867987216717449,0.3105153726416384,1.6736405460692083,-0.4016702001418583
PG,2.9470166661840236,0.7553245909278302,2010-11-24,Animation,-0.7830765073185464,0.8867987216717449,0.11673887374336561,0.1380403995524259,-0.6719970662064615
PG-13,-0.9857834615072851,-0.9296082978467064,2011-08-09,Drama,1.2450090344563725,1.3394611449162188,0.19517447199169452,-0.8204873468915208,-0.19930312481177784
R,-0.8602685638150093,-0.3381575996123268,2011-04-28,Comedy,0.31914389581999647,-0.1316917306283234,-0.2665109241492816,-0.17488887825222116,0.4852375772451783
G,-0.14901747689211306,-0.14241971381900548,2011-12-14,Family,-1.3562311169505887,-2.96083187590629,-0.9749362502637838,-0.1261966863198691,-0.26975112583917105
R,-0.06534087843059584,-0.4604310405207353,2011-05-25,Comedy,-0.694898875067463,-0.5843541538727974,0.32224190786362533,-0.5105572493154916,-0.5133246413810604
G,0.10201231849243857,0.3691273501900264,2011-04-03,Animation,-0.9594317718207133,-0.018526124817204146,-0.45172203614206763,0.39708884686520257,-0.1266897703763596
PG-13,0.1522182775693489,0.36272825128576625,2011-08-03,Science Fiction,-0.5626324266908379,0.7736331158606257,0.44321419548457985,0.3774025154323793,-0.1605088069462553
PG-13,0.4367187123385074,1.189158034668713,2011-03-15,Romance,-0.03356663318433724,-2.281838241039577,-0.3987270566804222,1.252613965857203,0.06441340139549419
PG,0.4367187123385074,0.6542493609783178,2011-07-29,Animation,-0.6508100589419212,-1.716010211983984,-0.8173425957187442,0.6407724228519848,-0.172270442559482
PG-13,0.687748507723059,0.8790944026813152,2011-04-20,Action,0.5395879764477051,0.43413629842726986,-0.007719510573928877,0.8361212140503833,-0.19259946930037233
PG-13,0.687748507723059,3.4590326308657966,2011-07-07,Fantasy,0.5395879764477051,1.3394611449162188,1.1636878503622696,3.7871172700690683,0.8119722637849331
PG-13,0.687748507723059,-0.17154126754354304,2011-11-22,Mystery,0.49549916032216335,0.6604675100495073,0.19553412359656577,-0.36562140337960486,-0.6016941075164765
PG,0.7714251061845762,0.62271716255115,2011-12-08,Animation,0.5395879764477051,0.9999643274828631,1.2295861198583315,0.5222592174165579,-0.32238230181128213
PG-13,0.9387783031076106,-0.04196174828565579,2011-07-22,Action,0.2750550796944548,-0.018526124817204146,1.1017646775516268,-0.2792396323752949,-0.6069552733145757
PG-13,1.0224549015691278,1.1262384088338973,2011-12-07,Thriller,0.6718544248243302,0.5473019042383891,0.3054897146893583,1.0363646252025587,-0.23083502724425864
PG-13,1.106131500030645,0.24187466197208696,2011-04-21,Action,-0.12174426543542068,0.0946394809939141,1.1445726830472256,0.004196397685781379,-0.545809182522913
PG,1.106131500030645,1.021647567663388,2011-05-25,Animation,-1.1798758524484219,0.32097069261615163,-0.3261026712055396,0.89611960117448,-0.2927870330241003
PG-13,1.8592208861842998,2.6724578262262306,2011-06-28,Action,1.5977195634607062,-0.8106853654950349,0.10314467404695947,2.5988532027576086,-0.060390137032941875
G,1.9428974846458171,0.6402049971549467,2011-06-11,Animation,-0.5185436105652962,-0.9238509713061541,-0.6114199680594681,0.2537015412417891,-0.5802337493956451
PG-13,4.955255029260436,2.3912294206554585,2011-05-14,Action,0.8041208732009554,-0.3580229422505609,0.3698515777681194,1.5145526452502724,-0.5885454346495604
PG-13,-0.6510770676612163,-0.021882177264296147,2012-09-27,Thriller,-1.1798758524484219,-0.8106853654950349,-0.19256466128456515,0.13534594353101773,0.3949624861220185
R,-0.5674004691996991,0.602420802604294,2012-06-29,Comedy,-0.5185436105652962,-0.018526124817204146,0.6556894229975194,0.8288273892473009,0.8560651484800175
PG-13,-0.38331195258436124,0.21474904182279161,2012-12-05,Drama,1.774074827962873,0.6604675100495073,0.5972302630127421,0.34005375538721333,0.1991889613853564
PG-13,-0.31637067381514744,-0.3853336816088553,2012-11-09,History,1.3772754828329976,0.43413629842726986,-0.33362696136008324,-0.36282463198336484,-0.32833702909566226
PG,-0.23269407535363026,-0.12027381670178468,2012-03-01,Animation,-1.4003199330761305,-0.5843541538727974,-0.7767240482387654,-0.0802541932912025,-0.19710202203762142
PG-13,-0.14901747689211306,1.113614866070136,2012-03-12,Adventure,1.0686537699542058,0.32097069261615163,1.474537256323419,1.3104861966204202,0.5453697046714548
PG,0.018335720030921362,-0.08590903650747775,2012-09-20,Animation,-1.1798758524484219,0.20780508680503235,-0.40716940487897935,-0.10278135521479449,-0.33168746432714996
PG,0.18568891695395576,1.784074036465103,2012-06-26,Animation,-1.312142300825047,-0.3580229422505609,-0.5001929769950693,1.9949277821650309,0.5485294237576168
R,0.269365515415473,0.1555296508033954,2012-12-25,Western,2.082696540841665,1.6789579623495756,2.865158580105934,0.1115476511720398,-0.3251096894266729
PG-13,0.6040719092615418,1.610201836398943,2012-11-13,Romance,-0.12174426543542068,-1.6028446061728656,-0.37738457328608765,1.6929911453879127,0.1405502593851717
PG,1.0224549015691278,1.314393500727584,2012-06-06,Animation,-1.0916982201973384,-0.1316917306283234,-0.5902194524038985,1.2515809928009534,-0.16767684347940637
PG,1.3571612954151966,0.32078791754478,2012-11-01,Animation,-0.4303659783142127,0.8867987216717449,0.05118448165897874,0.03262486474086216,-0.5702993611823893
PG-13,1.440837893876714,0.05185011022454254,2012-05-30,Fantasy,0.4073215280710799,-0.9238509713061541,-0.23921841508137506,-0.29560421395498,-0.6620324209794711
PG,1.6918676892612654,0.5649933026544616,2012-06-21,Animation,-1.0916982201973384,0.20780508680503235,0.026854366073301293,0.22950700971503468,-0.5602084824795263
PG-13,1.9428974846458171,2.6177281712269127,2012-10-25,Action,1.1127425860797475,0.8867987216717449,0.8249402063144831,2.5156406154492035,-0.09898097643880338
PG-13,2.1939272800303686,1.3334749590009967,2012-06-27,Action,0.8041208732009554,-0.018526124817204146,0.6200776044379853,0.9848461421157405,-0.4575471053785594
PG-13,2.277603878491886,4.098943998914868,2012-04-25,Action,1.1127425860797475,1.2262955391051007,2.735321195908767,4.127445372687328,0.1403306557578431
PG-13,2.3612804769534033,0.8714868099421158,2012-05-23,Action,-0.5185436105652962,-0.1316917306283234,-0.06363587061549358,0.4151899124547556,-0.5847610928721805
PG-13,2.779663469260989,2.532595769613954,2012-07-16,Action,2.082696540841665,1.6789579623495756,3.408093690561425,2.2121493291176497,-0.3100111990453813
PG-13,2.779663469260989,2.3025351546160135,2012-11-26,Fantasy,2.259051805343832,0.9999643274828631,1.2295861198583315,1.9490004055940398,-0.3548014944482653
R,-1.1866072978149265,-0.2314205325823827,2013-07-18,Horror,-0.2540107138120458,0.6604675100495073,0.2284106970558947,0.02758433613711879,3.2196102924338557
R,-0.8184302645842507,-0.7505171908238394,2013-02-07,Comedy,-0.29809952993758754,-1.3765133945506283,-0.69442377265739,-0.6568615407171292,-0.1993831311240364
R,-0.7849596251996438,-0.40441105659710197,2013-08-03,Comedy,-0.34218834606312926,0.8867987216717449,1.0976476131274426,-0.26922152262041427,0.20877954554487596
R,-0.7347536661227335,-0.4722670858808549,2013-12-12,Crime,0.8922985054520388,0.32097069261615163,0.2728749928370848,-0.3592037848564031,0.030208869213935646
R,-0.6845477070458231,-0.8056247100771681,2013-06-27,Comedy,-0.03356663318433724,-0.3580229422505609,-0.5756440978906945,-0.7528732249071048,-0.42396978303282495
PG,-0.1322821571998096,2.1211058100240283,2013-06-25,Animation,-0.8712541395696298,0.5473019042383891,0.03976396578499632,2.4587565319007405,1.1693203322327994
PG-13,0.3530421138769902,-0.11234473643395056,2013-05-10,Drama,1.1127425860797475,0.43413629842726986,0.3304697270347154,-0.21546506178441324,-0.48481263655084517
PG-13,0.3530421138769902,1.20436979999034,2013-09-27,Science Fiction,-1.1798758524484219,0.8867987216717449,1.2186514491347893,1.2906250303899591,0.12554444827804453
PG-13,0.7714251061845762,1.6765991958492001,2013-11-15,Adventure,1.2450090344563725,0.6604675100495073,0.774655233243929,1.7277151038390892,0.07219337248048843
PG,0.8551017046460934,0.7314807715772668,2013-03-20,Animation,-0.8712541395696298,0.32097069261615163,-0.49825906090922634,0.6260541995351915,-0.3109053959953692
PG,1.106131500030645,3.214752741118661,2013-11-27,Animation,-0.694898875067463,0.6604675100495073,0.5972302630127421,3.4046466064334244,0.4188357753789099
PG-13,1.440837893876714,0.9455287928068418,2013-10-29,Action,-0.2540107138120458,-0.018526124817204146,0.688121164208718,0.7266071858521321,-0.40616550400554197
PG-13,1.7755442877227827,0.3068851316335529,2013-05-05,Science Fiction,0.6277656086987885,0.8867987216717449,0.35170179107667715,-0.08633486774540217,-0.6397767535707483
PG-13,1.9428974846458171,3.002915600766947,2013-04-18,Action,0.5395879764477051,0.32097069261615163,1.1738338114260065,2.9562273601173157,-0.005241231183350953
PG-13,1.9428974846458171,0.5393395788669576,2013-06-20,Science Fiction,-0.07765544930987896,0.0946394809939141,0.7133220152588207,0.13832922406581105,-0.6047804970054812
G,1.9428974846458171,1.3022781918185333,2013-06-20,Animation,-0.6067212428163795,0.43413629842726986,-0.12254932736431885,1.0109969543272486,-0.41911070163071884
PG-13,2.3612804769534033,1.0113879514861,2013-06-12,Action,1.1127425860797475,0.20780508680503235,1.0094193957429696,0.5752122387332155,-0.5544975060488565
PG-13,2.779663469260989,2.076554087478886,2013-12-11,Fantasy,1.9063412763394982,0.9999643274828631,0.742232956548648,1.6905177680752972,-0.398797546326252
R,-1.1029306993534091,-0.4110517108307952,2014-05-08,Comedy,-0.9594317718207133,-0.6975197596839167,-0.21286920276659577,-0.19849364944796452,1.5419763204539723
R,-0.5674004691996991,-0.6983441084174027,2014-06-05,Comedy,-0.2540107138120458,0.0946394809939141,-0.03792078086719783,-0.6590191337036522,-0.41015863812703646
R,-0.4201296559074288,0.5769736397075989,2014-12-11,War,0.6718544248243302,0.43413629842726986,0.2259467680786626,0.7634441051962255,0.54655774047213
PG,-0.40004727227666464,0.31335584480041906,2014-02-06,Animation,-0.7830765073185464,0.9999643274828631,-0.09048985711254835,0.4569649089920083,0.3003534091914854
R,-0.38331195258436124,-0.0464285342969637,2014-10-01,Thriller,1.2009202183308307,1.3394611449162188,1.4016131611778102,0.04131249537174069,-0.009206238358226383
PG-13,0.018335720030921362,-0.3368444179861251,2014-03-14,Action,0.9363873215775805,-0.24485733643944166,0.21217905225709927,-0.3898073440424935,-0.47537683203835884
PG-13,0.687748507723059,0.3423291785169955,2014-08-07,Action,-0.7389876911930047,-1.26334778873951,-0.45399667480094646,0.22215610348587264,-0.4016041522838579
PG-13,0.687748507723059,1.3330582404686329,2014-11-18,Adventure,0.23096626356891306,-0.3580229422505609,0.15384293097925156,1.355376086221566,-0.015835842054544916
PG,1.0224549015691278,0.8177743902954143,2014-06-12,Animation,-0.694898875067463,0.9999643274828631,-0.16589365542858525,0.6835359829558391,-0.3343774133238564
PG-13,1.2734846969536795,0.5292883868271072,2014-05-14,Thriller,0.23096626356891306,-0.5843541538727974,0.06770321677394335,0.29172424713709666,-0.49121812779905133
PG,1.3571612954151966,0.9726811651412975,2014-10-24,Animation,-0.694898875067463,0.9999643274828631,0.13557957009679736,0.7782762069267871,-0.3780016135750519
PG-13,1.3571612954151966,1.0556247384994577,2014-11-05,Science Fiction,2.259051805343832,1.905289173971812,3.17241462485701,0.8731490822453062,-0.3535346285371119
PG-13,1.440837893876714,1.198509283876697,2014-03-20,Action,0.8041208732009554,0.8867987216717449,1.0976476131274426,1.0159724207407834,-0.3337352899183512
PG-13,1.440837893876714,1.183653744641264,2014-06-26,Science Fiction,0.5395879764477051,0.7736331158606257,0.18123639488361323,0.9989802938693416,-0.33798854234367737
PG-13,1.440837893876714,1.4095645165646564,2014-07-30,Action,0.14278863131782962,1.2262955391051007,2.019866889306079,1.2573825260139468,-0.2733085921000217
