filename,image_data
LY_100275.jpg,[197 197 203 ... 230 231 231]
LY_102859.jpg,[220 228 233 ... 229 229 230]
LY_10361.jpg,[176 177 177 ... 183 183 175]
LY_104129.jpg,[174 175 179 ... 232 232 233]
LY_104155.jpg,[232 227 223 ... 192 190 189]
LY_105283.jpg,[229 232 236 ... 234 234 234]
LY_106354.jpg,[234 234 234 ... 227 222 214]
LY_107981.jpg,[185 187 187 ... 231 231 231]
LY_109025.jpg,[198 198 202 ... 233 232 225]
LY_109093.jpg,[236 236 235 ... 170 174 180]
LY_109414.jpg,[233 233 233 ... 232 232 233]
LY_112097.jpg,[236 236 236 ... 232 232 232]
LY_113005.jpg,[231 234 234 ... 232 231 231]
LY_11415.jpg,[237 237 237 ... 169 172 173]
LY_114808.jpg,[178 177 176 ... 234 234 234]
LY_115727.jpg,[160 167 173 ... 233 233 233]
LY_115774.jpg,[234 234 234 ... 233 234 234]
LY_116029.jpg,[196 196 196 ... 234 234 234]
LY_118150.jpg,[231 229 227 ... 228 228 228]
LY_118333.jpg,[233 233 233 ... 179 181 182]
LY_120168.jpg,[201 194 184 ... 211 211 210]
LY_121177.jpg,[233 233 233 ... 229 231 233]
LY_121452.jpg,[234 234 234 ... 230 232 233]
LY_121614.jpg,[177 174 177 ... 189 191 190]
LY_122957.jpg,[233 234 235 ... 234 234 234]
LY_123421.jpg,[232 232 232 ... 189 189 188]
LY_123592.jpg,[233 233 233 ... 231 231 232]
LY_124409.jpg,[236 235 235 ... 234 234 234]
LY_125347.jpg,[233 233 233 ... 228 218 206]
LY_128283.jpg,[171 168 167 ... 176 186 192]
LY_128386.jpg,[196 202 212 ... 234 234 234]
LY_130316.jpg,[234 234 234 ... 174 184 193]
LY_130805.jpg,[170 177 190 ... 231 232 232]
LY_130930.jpg,[222 221 218 ... 180 176 172]
LY_131013.jpg,[191 194 196 ... 229 229 228]
LY_131763.jpg,[231 231 231 ... 229 227 226]
LY_133266.jpg,[230 231 231 ... 228 227 227]
LY_134035.jpg,[234 234 234 ... 167 164 163]
LY_134079.jpg,[189 181 176 ... 236 234 232]
LY_13552.jpg,[233 233 233 ... 172 172 173]
LY_135776.jpg,[231 231 230 ... 220 194 182]
LY_136218.jpg,[186 184 182 ... 231 229 228]
LY_136500.jpg,[230 230 231 ... 201 229 228]
LY_13652.jpg,[228 231 234 ... 234 234 234]
LY_13675.jpg,[233 233 233 ... 164 163 162]
LY_137344.jpg,[174 183 185 ... 234 234 234]
LY_138832.jpg,[181 188 200 ... 206 205 205]
LY_139845.jpg,[191 189 189 ... 198 187 186]
LY_14026515.jpg,[193 189 183 ... 183 190 196]
LY_140586.jpg,[174 174 175 ... 234 234 234]
LY_14139.jpg,[200 191 180 ... 146 143 143]
LY_141780.jpg,[173 173 173 ... 180 182 183]
LY_147262.jpg,[221 228 235 ... 233 233 234]
LY_147472.jpg,[234 234 234 ... 234 234 234]
LY_148243.jpg,[233 233 233 ... 229 229 229]
LY_148377.jpg,[224 224 224 ... 223 223 223]
LY_149732.jpg,[199 194 190 ... 179 180 181]
LY_149883.jpg,[233 232 232 ... 184 181 179]
LY_151689.jpg,[234 234 234 ... 234 234 234]
LY_152181.jpg,[181 203 224 ... 227 235 240]
LY_153467.jpg,[232 228 223 ... 234 234 234]
LY_154313.jpg,[179 179 180 ... 193 195 200]
LY_154914.jpg,[183 184 186 ... 163 165 167]
LY_154997.jpg,[235 235 235 ... 233 233 234]
LY_155590.jpg,[234 234 234 ... 188 183 180]
LY_156281.jpg,[235 235 235 ... 172 175 177]
LY_157670.jpg,[234 228 229 ... 232 232 230]
LY_158006.jpg,[186 184 182 ... 233 233 233]
LY_158602.jpg,[233 233 233 ... 227 228 234]
LY_159509.jpg,[234 234 234 ... 234 235 236]
LY_159646.jpg,[196 193 189 ... 225 225 230]
LY_16036.jpg,[183 183 191 ... 225 231 234]
LY_161086.jpg,[184 181 181 ... 234 234 234]
LY_16157.jpg,[233 233 233 ... 191 192 193]
LY_163635.jpg,[234 234 234 ... 160 161 161]
LY_164687.jpg,[234 234 234 ... 234 234 234]
LY_164944.jpg,[183 180 182 ... 234 234 234]
LY_165111.jpg,[188 187 186 ... 231 231 232]
LY_166114.jpg,[234 234 234 ... 234 234 234]
LY_166694.jpg,[233 233 233 ... 209 191 180]
LY_166721.jpg,[157 127  96 ... 225 228 232]
LY_167158.jpg,[234 234 234 ... 231 231 231]
LY_16740.jpg,[234 234 234 ... 179 179 180]
LY_168926.jpg,[196 195 193 ... 153 156 158]
LY_169448.jpg,[211 188 174 ... 175 176 177]
LY_169905.jpg,[231 232 232 ... 229 228 228]
LY_170874.jpg,[197 195 192 ... 232 232 232]
LY_171028.jpg,[172 174 175 ... 180 181 182]
LY_171137.jpg,[184 192 205 ... 234 234 234]
LY_171934.jpg,[232 232 232 ... 217 206 199]
LY_173236.jpg,[209 203 193 ... 232 232 232]
LY_17369.jpg,[233 233 233 ... 230 231 233]
LY_175082.jpg,[160 163 165 ... 230 229 229]
LY_175126.jpg,[174 174 172 ... 232 232 233]
LY_176592.jpg,[234 234 234 ... 229 230 231]
LY_176821.jpg,[234 234 233 ... 232 232 232]
LY_177713.jpg,[183 177 171 ... 234 234 234]
LY_178247.jpg,[167 167 167 ... 231 231 231]
LY_179009.jpg,[233 232 232 ... 230 230 230]
LY_179230.jpg,[233 233 233 ... 229 230 232]
LY_179236.jpg,[234 233 233 ... 233 233 234]
LY_179366.jpg,[184 184 193 ... 232 232 232]
LY_179585.jpg,[216 216 216 ... 234 234 234]
LY_18213.jpg,[227 210 203 ... 233 234 234]
LY_182632.jpg,[234 234 234 ... 233 232 230]
LY_183839.jpg,[172 171 170 ... 177 178 184]
LY_184784.jpg,[171 170 168 ... 175 167 164]
LY_185090.jpg,[164 162 160 ... 233 233 234]
LY_185165.jpg,[184 182 180 ... 160 163 169]
LY_185647.jpg,[221 220 219 ... 232 232 234]
LY_185977.jpg,[232 232 232 ... 233 233 234]
LY_18659.jpg,[167 169 171 ... 230 217 205]
LY_186621.jpg,[234 233 232 ... 165 170 170]
LY_187288.jpg,[188 189 190 ... 185 188 190]
LY_187676.jpg,[175 185 202 ... 231 231 231]
LY_18831.jpg,[233 233 233 ... 154 153 155]
LY_188800.jpg,[206 228 234 ... 189 208 227]
LY_188895.jpg,[188 191 193 ... 236 235 233]
LY_189746.jpg,[233 234 234 ... 161 163 167]
LY_190035.jpg,[170 170 170 ... 231 233 234]
LY_191979.jpg,[236 236 236 ... 177 176 175]
LY_192261.jpg,[169 174 178 ... 198 213 227]
LY_192703.jpg,[234 234 234 ... 234 234 234]
LY_192796.jpg,[232 232 232 ... 164 172 181]
LY_193211.jpg,[158 157 155 ... 159 166 167]
LY_193652.jpg,[235 235 234 ... 167 171 174]
LY_193962.jpg,[233 233 233 ... 228 229 230]
LY_195785.jpg,[233 233 234 ... 168 172 178]
LY_196284.jpg,[231 233 235 ... 184 181 179]
LY_196753.jpg,[179 177 177 ... 182 181 182]
LY_19758.jpg,[234 234 234 ... 194 201 206]
LY_198818.jpg,[231 236 238 ... 234 234 234]
LY_199801.jpg,[233 233 233 ... 162 164 164]
LY_199868.jpg,[167 161 162 ... 232 232 232]
LY_199996.jpg,[181 180 178 ... 236 234 232]
LY_200436.jpg,[233 233 233 ... 233 238 233]
LY_200918.jpg,[177 174 172 ... 232 232 232]
LY_201087.jpg,[185 182 185 ... 192 199 204]
LY_202821.jpg,[235 235 235 ... 176 177 177]
LY_204996.jpg,[234 234 234 ... 168 167 166]
LY_205694.jpg,[210 217 225 ... 223 199 176]
LY_206434.jpg,[230 230 230 ... 232 230 229]
LY_206555.jpg,[234 234 236 ... 217 225 230]
LY_206769.jpg,[149 154 160 ... 205 209 211]
LY_209350.jpg,[193 192 190 ... 229 230 230]
LY_21122.jpg,[232 232 232 ... 233 233 233]
LY_211339.jpg,[232 231 229 ... 175 177 181]
LY_215666.jpg,[233 233 233 ... 232 232 232]
LY_216135.jpg,[234 234 234 ... 232 230 229]
LY_217524.jpg,[174 185 200 ... 232 232 232]
LY_21798.jpg,[180 179 178 ... 231 231 231]
LY_219603.jpg,[229 230 230 ... 179 176 177]
LY_220151.jpg,[226 223 217 ... 189 187 186]
LY_221345.jpg,[201 227 237 ... 186 186 186]
LY_221714.jpg,[207 220 233 ... 188 193 196]
LY_222797.jpg,[233 234 235 ... 234 234 234]
LY_223403.jpg,[230 230 230 ... 220 223 224]
LY_225365.jpg,[180 181 185 ... 169 172 178]
LY_226845.jpg,[233 233 233 ... 107 135 132]
LY_227964.jpg,[234 234 233 ... 235 233 232]
LY_228644.jpg,[234 234 234 ... 236 234 233]
LY_230548.jpg,[186 186 186 ... 224 224 229]
LY_231533.jpg,[236 235 233 ... 186 188 188]
LY_231768.jpg,[233 233 233 ... 233 233 233]
LY_231853.jpg,[199 196 190 ... 234 234 234]
LY_232894.jpg,[230 230 230 ... 231 231 232]
LY_23375.jpg,[191 199 211 ... 228 232 239]
LY_234523.jpg,[234 234 234 ... 225 222 221]
LY_234637.jpg,[197 198 198 ... 239 225 192]
LY_234854.jpg,[235 235 235 ... 233 234 235]
LY_240150.jpg,[226 224 221 ... 168 172 178]
LY_241450.jpg,[233 233 233 ... 226 226 226]
LY_241891.jpg,[176 190 203 ... 216 214 214]
LY_242718.jpg,[181 185 191 ... 235 235 235]
LY_245216.jpg,[187 186 185 ... 232 232 232]
LY_245917.jpg,[220 220 220 ... 234 234 229]
LY_246005.jpg,[233 233 233 ... 232 230 228]
LY_246286.jpg,[233 233 233 ... 235 234 232]
LY_247228.jpg,[234 234 234 ... 234 234 234]
LY_247915.jpg,[236 236 236 ... 170 173 177]
LY_249136.jpg,[224 221 217 ... 228 228 227]
LY_249223.jpg,[227 233 232 ... 224 202 184]
LY_249379.jpg,[234 234 234 ... 235 236 236]
LY_251597.jpg,[236 236 236 ... 234 234 235]
LY_253379.jpg,[235 233 230 ... 215 206 198]
LY_25363.jpg,[183 182 179 ... 233 233 233]
LY_25387.jpg,[197 196 195 ... 227 216 207]
LY_254174.jpg,[231 232 232 ... 179 177 173]
LY_254678.jpg,[174 175 176 ... 240 237 235]
LY_257379.jpg,[233 233 233 ... 164 168 171]
LY_258828.jpg,[234 234 234 ... 170 168 168]
LY_259219.jpg,[171 171 172 ... 181 179 178]
LY_260346.jpg,[181 178 174 ... 228 227 227]
LY_260701.jpg,[232 232 232 ... 143 148 151]
LY_260801.jpg,[188 187 186 ... 234 234 234]
LY_262697.jpg,[180 179 179 ... 185 187 189]
LY_264329.jpg,[233 233 233 ... 162 161 163]
LY_264881.jpg,[233 234 233 ... 234 234 234]
LY_265119.jpg,[163 159 160 ... 217 215 213]
LY_266282.jpg,[233 233 233 ... 184 187 194]
LY_266337.jpg,[234 234 234 ... 160 167 174]
LY_267075.jpg,[182 181 180 ... 232 232 232]
LY_267115.jpg,[152 159 161 ... 236 223 201]
LY_267543.jpg,[234 234 234 ... 183 185 187]
LY_26778.jpg,[236 236 236 ... 178 181 183]
LY_267946.jpg,[197 201 210 ... 233 233 233]
LY_268161.jpg,[171 172 175 ... 181 175 175]
LY_268736.jpg,[178 178 178 ... 183 187 190]
LY_269543.jpg,[220 216 211 ... 236 236 236]
LY_271375.jpg,[235 233 232 ... 234 234 234]
LY_271938.jpg,[233 233 233 ... 220 218 217]
LY_272152.jpg,[173 173 173 ... 176 176 177]
LY_272765.jpg,[171 176 182 ... 234 234 234]
LY_272801.jpg,[186 185 185 ... 174 172 169]
LY_272907.jpg,[188 188 187 ... 226 229 231]
LY_273042.jpg,[182 182 182 ... 235 234 234]
LY_273418.jpg,[233 234 234 ... 205 192 187]
LY_273921.jpg,[233 233 233 ... 201 202 202]
LY_275148.jpg,[232 232 232 ... 192 209 221]
LY_275445.jpg,[185 184 181 ... 205 185 172]
LY_275504.jpg,[224 224 224 ... 168 168 172]
LY_277772.jpg,[233 233 233 ... 224 206 189]
LY_278416.jpg,[235 235 235 ... 206 185 186]
LY_27994.jpg,[232 232 232 ... 233 233 233]
LY_282632.jpg,[233 233 234 ... 228 228 228]
LY_283307.jpg,[232 232 232 ... 228 230 231]
LY_283524.jpg,[180 176 172 ... 159 158 158]
LY_283526.jpg,[232 232 232 ... 232 232 232]
LY_284207.jpg,[182 185 188 ... 188 187 191]
LY_28473.jpg,[214 209 203 ... 234 234 234]
LY_284797.jpg,[228 231 230 ... 230 230 230]
LY_284856.jpg,[233 233 233 ... 188 190 191]
LY_285165.jpg,[180 181 181 ... 170 169 167]
LY_285343.jpg,[230 230 230 ... 230 230 230]
LY_286569.jpg,[167 165 166 ... 231 231 231]
LY_286920.jpg,[234 230 221 ... 166 168 169]
LY_287479.jpg,[225 225 225 ... 206 227 238]
LY_288132.jpg,[172 175 178 ... 234 234 231]
LY_288197.jpg,[233 232 232 ... 231 230 229]
LY_289164.jpg,[217 214 207 ... 195 214 232]
LY_289402.jpg,[235 236 236 ... 168 170 171]
LY_289852.jpg,[234 232 231 ... 233 232 231]
LY_291851.jpg,[224 222 221 ... 166 169 176]
LY_29236.jpg,[234 234 234 ... 174 177 179]
LY_29343.jpg,[234 234 234 ... 168 170 171]
LY_294207.jpg,[235 235 235 ... 214 220 224]
LY_294248.jpg,[237 231 233 ... 177 177 176]
LY_294345.jpg,[208 207 205 ... 157 158 159]
LY_295331.jpg,[234 234 234 ... 234 234 234]
LY_297538.jpg,[229 234 234 ... 234 234 234]
LY_297929.jpg,[172 165 167 ... 189 182 168]
LY_29912.jpg,[234 234 234 ... 172 168 169]
LY_299340.jpg,[234 234 234 ... 181 184 188]
LY_299709.jpg,[221 207 190 ... 234 234 234]
LY_299780.jpg,[228 222 216 ... 177 184 190]
LY_300487.jpg,[161 159 157 ... 212 224 235]
LY_301320.jpg,[233 233 233 ... 228 206 181]
LY_301915.jpg,[232 232 231 ... 224 224 224]
LY_303897.jpg,[233 233 233 ... 235 236 233]
LY_304716.jpg,[168 169 169 ... 233 233 233]
LY_305059.jpg,[170 169 170 ... 239 235 227]
LY_305468.jpg,[178 184 191 ... 232 232 232]
LY_305556.jpg,[227 227 227 ... 224 226 229]
LY_308489.jpg,[232 232 232 ... 232 232 231]
LY_308596.jpg,[238 234 228 ... 179 186 198]
LY_310222.jpg,[168 174 183 ... 229 229 229]
LY_310482.jpg,[154 154 155 ... 232 232 233]
LY_310550.jpg,[182 182 181 ... 218 220 218]
LY_310881.jpg,[224 224 227 ... 227 226 225]
LY_311010.jpg,[173 173 174 ... 227 229 229]
LY_311593.jpg,[160 160 160 ... 178 177 171]
LY_313032.jpg,[203 221 237 ... 234 235 235]
LY_314069.jpg,[233 233 233 ... 189 190 190]
LY_314311.jpg,[230 231 232 ... 169 170 171]
LY_314460.jpg,[234 233 233 ... 230 230 230]
LY_314798.jpg,[176 176 177 ... 231 231 231]
LY_316610.jpg,[232 234 236 ... 234 234 234]
LY_31663.jpg,[230 230 230 ... 226 226 226]
LY_316754.jpg,[236 229 234 ... 232 232 232]
LY_317346.jpg,[229 228 226 ... 230 232 234]
LY_319013.jpg,[236 236 236 ... 235 235 235]
LY_320312.jpg,[179 183 190 ... 230 230 231]
LY_321533.jpg,[186 186 187 ... 178 180 182]
LY_321982.jpg,[197 190 181 ... 233 228 225]
LY_322720.jpg,[234 234 234 ... 176 177 177]
LY_322867.jpg,[213 208 201 ... 172 172 160]
LY_323391.jpg,[233 233 233 ... 234 234 233]
LY_324792.jpg,[168 168 169 ... 232 232 232]
LY_324819.jpg,[235 235 235 ... 234 234 234]
LY_32523.jpg,[169 166 165 ... 233 233 233]
LY_325503.jpg,[227 226 222 ... 157 151 160]
LY_32573.jpg,[234 234 234 ... 232 231 231]
LY_326641.jpg,[233 233 233 ... 172 168 166]
LY_326859.jpg,[230 229 229 ... 231 231 231]
LY_327678.jpg,[231 231 238 ... 176 176 176]
LY_327708.jpg,[233 233 233 ... 233 233 233]
LY_327976.jpg,[229 229 229 ... 175 179 185]
LY_32865.jpg,[167 167 167 ... 211 219 222]
LY_32985.jpg,[232 232 233 ... 232 232 232]
LY_329937.jpg,[233 233 233 ... 179 170 170]
LY_330488.jpg,[216 224 234 ... 185 185 187]
LY_330674.jpg,[224 225 224 ... 236 236 236]
LY_33094.jpg,[188 188 188 ... 234 234 233]
LY_33119.jpg,[194 202 218 ... 230 218 207]
LY_331610.jpg,[232 232 232 ... 233 233 233]
LY_333022.jpg,[183 185 188 ... 179 183 185]
LY_333883.jpg,[233 233 233 ... 199 199 198]
LY_334677.jpg,[185 184 181 ... 174 176 178]
LY_335261.jpg,[233 233 232 ... 233 233 232]
LY_335429.jpg,[233 233 233 ... 235 235 235]
LY_338197.jpg,[213 202 187 ... 234 235 235]
LY_339629.jpg,[238 237 236 ... 232 233 234]
LY_34151.jpg,[239 232 237 ... 174 173 172]
LY_341627.jpg,[177 177 177 ... 229 229 229]
LY_342034.jpg,[233 233 232 ... 232 233 233]
LY_342545.jpg,[230 230 230 ... 173 175 177]
LY_343316.jpg,[187 208 227 ... 197 182 180]
LY_343524.jpg,[233 226 232 ... 232 232 232]
LY_344050.jpg,[233 233 233 ... 232 232 232]
LY_345440.jpg,[230 230 230 ... 231 227 229]
LY_345885.jpg,[188 186 183 ... 231 231 231]
LY_345919.jpg,[232 232 232 ... 227 227 227]
LY_34670.jpg,[199 195 189 ... 226 226 226]
LY_346776.jpg,[233 233 233 ... 164 164 165]
LY_347553.jpg,[233 233 233 ... 166 164 166]
LY_348569.jpg,[199 205 211 ... 234 234 234]
LY_349557.jpg,[199 196 191 ... 233 233 233]
LY_349680.jpg,[233 233 233 ... 167 165 164]
LY_349836.jpg,[233 233 233 ... 234 234 234]
LY_350545.jpg,[224 226 225 ... 233 233 233]
LY_351038.jpg,[235 235 235 ... 188 184 182]
LY_3530.jpg,[234 234 234 ... 152 155 157]
LY_353550.jpg,[165 165 166 ... 172 176 179]
LY_35419.jpg,[229 234 239 ... 183 173 177]
LY_354805.jpg,[226 226 226 ... 218 217 217]
LY_355226.jpg,[177 177 177 ... 234 234 234]
LY_355473.jpg,[235 234 234 ... 175 177 181]
LY_35661.jpg,[183 185 190 ... 182 184 188]
LY_357552.jpg,[234 234 234 ... 190 193 197]
LY_358166.jpg,[188 193 202 ... 234 234 234]
LY_358883.jpg,[233 233 233 ... 233 231 229]
LY_359031.jpg,[236 237 237 ... 173 171 174]
LY_359239.jpg,[176 178 180 ... 224 221 219]
LY_359444.jpg,[226 233 237 ... 234 235 230]
LY_360293.jpg,[196 195 194 ... 232 232 232]
LY_360878.jpg,[233 233 233 ... 229 229 229]
LY_360951.jpg,[185 188 192 ... 228 228 228]
LY_360969.jpg,[232 232 232 ... 184 184 184]
LY_363064.jpg,[164 164 163 ... 235 235 235]
LY_363396.jpg,[234 234 234 ... 237 235 231]
LY_363901.jpg,[232 232 232 ... 234 234 234]
LY_364702.jpg,[172 170 169 ... 192 191 190]
LY_365740.jpg,[214 214 213 ... 175 179 182]
LY_368040.jpg,[173 175 179 ... 203 188 182]
LY_368893.jpg,[233 233 233 ... 230 230 230]
LY_369191.jpg,[233 233 233 ... 233 233 233]
LY_370728.jpg,[176 169 166 ... 208 209 210]
LY_371352.jpg,[175 173 176 ... 231 231 232]
LY_371995.jpg,[234 234 234 ... 234 234 234]
LY_372008.jpg,[234 234 234 ... 234 234 233]
LY_372155.jpg,[231 231 231 ... 175 173 171]
LY_372460.jpg,[234 234 234 ... 225 212 198]
LY_372787.jpg,[232 235 236 ... 235 235 235]
LY_373035.jpg,[236 236 236 ... 230 230 231]
LY_373896.jpg,[226 226 227 ... 170 174 178]
LY_373928.jpg,[182 183 183 ... 187 199 210]
LY_37471.jpg,[235 237 237 ... 232 232 232]
LY_374713.jpg,[236 236 236 ... 158 161 165]
LY_374896.jpg,[193 196 201 ... 235 235 235]
LY_376059.jpg,[234 234 234 ... 198 176 177]
LY_377102.jpg,[234 234 234 ... 232 232 231]
LY_377286.jpg,[ 69  56  59 ... 223 230 222]
LY_377726.jpg,[190 188 185 ... 233 233 233]
LY_380019.jpg,[200 195 188 ... 182 180 179]
LY_381928.jpg,[234 234 234 ... 235 235 235]
LY_382149.jpg,[234 234 234 ... 230 230 231]
LY_384251.jpg,[232 232 232 ... 233 231 230]
LY_384608.jpg,[234 234 234 ... 190 194 197]
LY_38503.jpg,[235 235 235 ... 162 163 163]
LY_386792.jpg,[193 189 183 ... 227 227 227]
LY_38716.jpg,[232 236 237 ... 228 229 234]
LY_387243.jpg,[233 233 233 ... 218 222 225]
LY_388079.jpg,[151 152 153 ... 234 234 234]
LY_389583.jpg,[229 230 232 ... 187 192 194]
LY_390727.jpg,[213 219 213 ... 232 232 231]
LY_392666.jpg,[204 215 226 ... 224 226 226]
LY_393334.jpg,[218 219 219 ... 234 234 234]
LY_393379.jpg,[164 166 168 ... 166 163 163]
LY_3945.jpg,[236 236 236 ... 203 206 208]
LY_396205.jpg,[178 179 179 ... 232 232 232]
LY_396797.jpg,[193 193 191 ... 232 233 234]
LY_397086.jpg,[220 197 172 ... 233 233 233]
LY_397238.jpg,[234 234 234 ... 230 230 230]
LY_399314.jpg,[233 233 233 ... 229 229 229]
LY_399400.jpg,[191 212 230 ... 231 230 230]
LY_400910.jpg,[177 179 181 ... 229 229 229]
LY_400974.jpg,[231 231 231 ... 171 173 174]
LY_40134.jpg,[234 234 234 ... 207 207 207]
LY_404117.jpg,[235 235 235 ... 206 194 186]
LY_404119.jpg,[234 234 234 ... 234 234 234]
LY_404823.jpg,[231 231 231 ... 233 233 233]
LY_407147.jpg,[179 180 183 ... 181 186 190]
LY_407257.jpg,[197 196 194 ... 205 212 217]
LY_408701.jpg,[175 177 180 ... 188 180 175]
LY_409311.jpg,[233 233 233 ... 174 177 182]
LY_409407.jpg,[229 230 231 ... 230 230 230]
LY_411308.jpg,[161 160 158 ... 191 177 173]
LY_411816.jpg,[232 232 232 ... 231 231 230]
LY_412051.jpg,[160 160 159 ... 172 172 174]
LY_412460.jpg,[213 216 217 ... 222 224 226]
LY_413165.jpg,[185 185 184 ... 176 175 174]
LY_414119.jpg,[177 176 174 ... 176 175 175]
LY_414639.jpg,[233 233 233 ... 173 164 156]
LY_415263.jpg,[232 232 233 ... 185 176 169]
LY_415354.jpg,[234 234 234 ... 241 234 230]
LY_415793.jpg,[237 237 237 ... 233 234 234]
LY_416532.jpg,[171 169 167 ... 169 173 179]
LY_417364.jpg,[234 234 234 ... 166 165 164]
LY_418108.jpg,[234 234 234 ... 163 166 172]
LY_418188.jpg,[230 232 234 ... 232 232 232]
LY_418697.jpg,[234 234 234 ... 232 232 232]
LY_418919.jpg,[233 233 233 ... 233 233 233]
LY_419777.jpg,[164 166 169 ... 233 233 233]
LY_420083.jpg,[216 217 219 ... 192 212 228]
LY_420170.jpg,[232 232 232 ... 234 234 234]
LY_420634.jpg,[233 233 233 ... 232 229 227]
LY_421662.jpg,[183 186 189 ... 182 181 179]
LY_422051.jpg,[194 196 197 ... 164 166 166]
LY_422181.jpg,[234 234 232 ... 233 225 215]
LY_42352.jpg,[234 234 234 ... 180 183 186]
LY_424808.jpg,[171 178 180 ... 237 235 226]
LY_426695.jpg,[232 232 232 ... 218 217 240]
LY_427101.jpg,[219 220 221 ... 226 226 227]
LY_429887.jpg,[182 181 184 ... 168 167 170]
LY_431600.jpg,[234 234 234 ... 196 205 214]
LY_432777.jpg,[232 232 231 ... 230 228 236]
LY_4334.jpg,[235 235 235 ... 160 158 157]
LY_433828.jpg,[194 196 199 ... 223 216 212]
LY_434773.jpg,[232 232 232 ... 221 215 211]
LY_43551.jpg,[233 233 233 ... 176 178 179]
LY_435799.jpg,[205 219 231 ... 234 234 234]
LY_436028.jpg,[233 234 235 ... 234 234 235]
LY_437182.jpg,[191 191 196 ... 233 233 233]
LY_437188.jpg,[203 210 220 ... 205 198 189]
LY_43870.jpg,[159 161 163 ... 233 233 233]
LY_440047.jpg,[222 223 223 ... 190 191 191]
LY_441727.jpg,[234 234 234 ... 234 234 234]
LY_442238.jpg,[157 158 159 ... 235 235 235]
LY_442263.jpg,[233 233 233 ... 232 232 232]
LY_442318.jpg,[234 234 235 ... 191 184 186]
LY_44395.jpg,[218 198 175 ... 187 189 190]
LY_444522.jpg,[232 232 232 ... 214 224 230]
LY_445892.jpg,[234 234 234 ... 235 235 235]
LY_446605.jpg,[227 233 234 ... 234 234 234]
LY_446643.jpg,[177 186 205 ... 167 176 182]
LY_446951.jpg,[199 223 231 ... 168 172 174]
LY_447144.jpg,[233 233 233 ... 227 226 226]
LY_447658.jpg,[176 175 175 ... 233 233 233]
LY_448631.jpg,[186 208 228 ... 188 181 179]
LY_449981.jpg,[187 191 201 ... 173 177 184]
LY_452127.jpg,[160 159 159 ... 171 167 163]
LY_452236.jpg,[234 234 234 ... 164 164 165]
LY_452316.jpg,[163 147 150 ... 224 232 225]
LY_453245.jpg,[233 230 228 ... 232 232 233]
LY_456457.jpg,[220 215 208 ... 214 216 215]
LY_45660.jpg,[183 183 183 ... 211 208 206]
LY_459766.jpg,[234 234 234 ... 234 234 234]
LY_461786.jpg,[192 206 221 ... 217 212 209]
LY_462086.jpg,[185 184 186 ... 229 228 228]
LY_463029.jpg,[170 172 175 ... 178 180 183]
LY_463533.jpg,[170 178 189 ... 231 231 231]
LY_464965.jpg,[235 235 235 ... 233 233 233]
LY_467984.jpg,[234 234 234 ...  62  93 164]
LY_468574.jpg,[185 184 183 ... 211 221 227]
LY_468617.jpg,[203 200 194 ... 228 231 232]
LY_46986.jpg,[231 231 231 ... 172 177 184]
LY_471743.jpg,[233 233 233 ... 171 171 171]
LY_472256.jpg,[233 233 233 ... 194 200 204]
LY_472472.jpg,[179 177 174 ... 228 228 229]
LY_47439.jpg,[232 232 232 ... 168 165 161]
LY_4757.jpg,[234 234 234 ... 201 210 216]
LY_476486.jpg,[234 234 234 ... 161 167 172]
LY_476808.jpg,[164 167 171 ... 189 183 172]
LY_476874.jpg,[233 233 233 ... 184 185 186]
LY_476903.jpg,[162 164 169 ... 215 220 222]
LY_478787.jpg,[236 236 236 ... 236 236 236]
LY_478980.jpg,[167 171 176 ... 234 236 231]
LY_47940.jpg,[233 233 233 ... 142 143 143]
LY_479756.jpg,[180 177 178 ... 234 234 234]
LY_480700.jpg,[212 211 208 ... 171 170 170]
LY_481506.jpg,[234 235 235 ... 179 177 178]
LY_482031.jpg,[233 233 233 ... 176 175 175]
LY_482766.jpg,[202 194 185 ... 176 176 177]
LY_482905.jpg,[234 234 234 ... 197 212 222]
LY_483235.jpg,[221 210 193 ... 174 174 174]
LY_483388.jpg,[175 181 194 ... 166 167 168]
LY_483585.jpg,[230 233 233 ... 178 181 183]
LY_483856.jpg,[232 232 234 ... 234 234 234]
LY_483984.jpg,[235 234 233 ... 179 210 215]
LY_485238.jpg,[234 234 234 ... 232 230 229]
LY_485381.jpg,[234 234 234 ... 177 175 174]
LY_486255.jpg,[233 233 233 ... 232 232 232]
LY_486418.jpg,[206 206 206 ... 175 173 170]
LY_487502.jpg,[ 94 116 106 ... 232 232 232]
LY_488198.jpg,[234 234 234 ... 173 174 174]
LY_488343.jpg,[227 224 222 ... 231 233 234]
LY_48852.jpg,[204 209 215 ... 233 232 229]
LY_489582.jpg,[178 172 169 ... 232 232 232]
LY_490073.jpg,[174 171 166 ... 229 231 232]
LY_490610.jpg,[232 229 228 ... 160 154 151]
LY_492956.jpg,[234 234 234 ... 233 233 233]
LY_493016.jpg,[232 231 231 ... 171 172 172]
LY_494497.jpg,[234 234 234 ... 232 232 232]
LY_495207.jpg,[233 233 233 ... 186 187 187]
LY_495804.jpg,[235 237 236 ... 232 232 232]
LY_497395.jpg,[178 174 169 ... 234 232 224]
LY_499539.jpg,[232 232 232 ... 228 228 228]
LY_500097.jpg,[233 233 233 ... 228 227 227]
LY_500326.jpg,[234 234 234 ... 229 229 229]
LY_500880.jpg,[179 178 177 ... 213 195 183]
LY_502223.jpg,[178 178 179 ... 229 229 229]
LY_503175.jpg,[233 233 233 ... 234 234 234]
LY_503715.jpg,[182 178 177 ... 236 235 233]
LY_504582.jpg,[174 183 187 ... 188 190 191]
LY_505060.jpg,[233 233 234 ... 179 184 188]
LY_506225.jpg,[230 234 236 ... 190 192 195]
LY_506441.jpg,[233 234 234 ... 215 201 191]
LY_506533.jpg,[180 182 183 ... 235 235 235]
LY_507266.jpg,[231 232 232 ... 231 231 231]
LY_508185.jpg,[171 172 173 ... 185 208 227]
LY_511879.jpg,[210 206 200 ... 168 164 161]
LY_512098.jpg,[232 232 232 ... 233 233 233]
LY_514170.jpg,[183 190 202 ... 203 190 182]
LY_514232.jpg,[204 222 237 ... 167 171 174]
LY_515035.jpg,[230 230 230 ... 185 181 180]
LY_51513.jpg,[192 193 194 ... 182 184 185]
LY_515199.jpg,[184 187 190 ... 225 222 219]
LY_516086.jpg,[234 234 234 ... 169 178 190]
LY_51625.jpg,[214 215 216 ... 180 184 188]
LY_517156.jpg,[233 233 233 ... 174 177 179]
LY_517503.jpg,[241 235 221 ... 163 162 162]
LY_517573.jpg,[174 175 181 ... 168 168 168]
LY_51843.jpg,[232 232 232 ... 172 174 175]
LY_518572.jpg,[234 234 234 ... 190 190 191]
LY_519097.jpg,[168 167 167 ... 234 227 235]
LY_519247.jpg,[188 187 185 ... 234 234 234]
LY_520157.jpg,[232 233 233 ... 174 174 174]
LY_521923.jpg,[189 189 188 ... 232 227 222]
LY_524303.jpg,[233 233 233 ... 163 162 162]
LY_524425.jpg,[233 233 233 ... 231 230 230]
LY_524589.jpg,[234 233 232 ... 228 228 228]
LY_525561.jpg,[194 196 199 ... 207 212 217]
LY_526267.jpg,[233 233 233 ... 152 151 150]
LY_526858.jpg,[196 192 187 ... 232 232 233]
LY_527440.jpg,[234 234 234 ... 187 185 185]
LY_528060.jpg,[235 235 235 ... 186 199 209]
LY_528196.jpg,[231 232 233 ... 189 201 211]
LY_528641.jpg,[172 166 166 ... 177 178 180]
LY_528736.jpg,[233 233 233 ... 232 232 232]
LY_530259.jpg,[234 234 234 ... 174 179 184]
LY_530482.jpg,[223 222 211 ... 206 202 200]
LY_530877.jpg,[232 232 232 ... 232 230 228]
LY_531289.jpg,[235 235 235 ... 232 232 233]
LY_532750.jpg,[232 231 230 ... 187 178 174]
LY_533974.jpg,[158 158 157 ... 234 234 234]
LY_534632.jpg,[234 234 234 ... 233 233 233]
LY_538542.jpg,[174 175 176 ... 232 234 236]
LY_538573.jpg,[173 171 169 ... 199 197 196]
LY_539406.jpg,[202 199 193 ... 187 198 210]
LY_540241.jpg,[233 233 233 ... 178 177 176]
LY_541663.jpg,[170 172 174 ... 163 160 159]
LY_54448.jpg,[234 234 234 ... 181 183 185]
LY_544639.jpg,[233 233 233 ... 232 232 231]
LY_545090.jpg,[174 181 192 ... 234 234 235]
LY_547808.jpg,[185 183 182 ... 214 195 190]
LY_548338.jpg,[236 236 236 ... 233 233 233]
LY_548542.jpg,[179 182 186 ... 165 164 166]
LY_549209.jpg,[233 233 233 ... 170 167 168]
LY_549231.jpg,[176 178 180 ... 111 119 132]
LY_550491.jpg,[162 162 162 ... 232 232 232]
LY_551814.jpg,[231 229 223 ... 236 236 236]
LY_551920.jpg,[185 189 188 ... 229 233 235]
LY_553290.jpg,[231 231 231 ... 232 231 227]
LY_553581.jpg,[182 182 185 ... 236 236 236]
LY_553626.jpg,[236 236 236 ... 183 174 168]
LY_554041.jpg,[235 235 235 ... 214 223 219]
LY_554364.jpg,[165 169 172 ... 238 234 229]
LY_554492.jpg,[204 199 192 ... 232 230 229]
LY_554741.jpg,[238 234 226 ... 223 235 228]
LY_554979.jpg,[184 184 189 ... 233 218 197]
LY_555347.jpg,[229 229 229 ... 227 230 234]
LY_556886.jpg,[234 234 233 ... 226 226 225]
LY_557882.jpg,[233 233 233 ... 209 205 202]
LY_558615.jpg,[231 232 232 ... 232 226 220]
LY_559940.jpg,[175 176 177 ... 181 183 186]
LY_560142.jpg,[179 181 182 ... 231 231 231]
LY_562157.jpg,[180 174 170 ... 231 231 231]
LY_562164.jpg,[178 184 186 ... 234 234 234]
LY_562167.jpg,[232 232 232 ... 231 232 235]
LY_563513.jpg,[167 171 172 ... 234 234 235]
LY_564317.jpg,[195 192 186 ... 236 236 236]
LY_564753.jpg,[233 233 233 ... 201 210 215]
LY_565758.jpg,[183 184 186 ... 242 241 236]
LY_56612.jpg,[235 235 235 ... 231 231 231]
LY_566461.jpg,[231 231 231 ... 198 180 173]
LY_566480.jpg,[233 232 232 ... 200 202 203]
LY_567757.jpg,[223 221 206 ... 210 208 210]
LY_568247.jpg,[235 234 233 ... 182 183 183]
LY_569623.jpg,[180 181 181 ... 233 233 233]
LY_570413.jpg,[234 234 234 ... 233 233 233]
LY_570832.jpg,[161 166 168 ... 232 232 232]
LY_571226.jpg,[234 234 234 ... 198 198 216]
LY_572700.jpg,[185 180 179 ... 195 187 184]
LY_573984.jpg,[171 172 174 ... 150 153 143]
LY_575185.jpg,[231 231 231 ... 232 232 232]
LY_575898.jpg,[173 172 171 ... 234 233 232]
LY_57617.jpg,[167 169 170 ... 232 232 232]
LY_577175.jpg,[191 197 202 ... 222 228 232]
LY_577773.jpg,[238 232 229 ... 191 184 179]
LY_57780.jpg,[155 158 161 ... 161 161 161]
LY_578344.jpg,[236 236 236 ... 234 227 238]
LY_579967.jpg,[233 233 233 ... 232 232 233]
LY_580251.jpg,[198 195 190 ... 186 194 199]
LY_581436.jpg,[165 169 167 ... 232 235 237]
LY_581500.jpg,[218 229 235 ... 168 166 167]
LY_583675.jpg,[187 195 199 ... 174 174 175]
LY_586473.jpg,[235 235 235 ... 189 188 187]
LY_586758.jpg,[164 159 152 ... 227 227 227]
LY_586901.jpg,[188 192 202 ... 234 232 230]
LY_587246.jpg,[233 233 233 ... 231 231 231]
LY_587521.jpg,[211 209 207 ... 232 232 233]
LY_588274.jpg,[204 212 221 ... 233 233 233]
LY_588849.jpg,[231 232 233 ... 221 218 215]
LY_589279.jpg,[235 235 235 ... 173 172 172]
LY_589830.jpg,[159 164 167 ... 222 227 235]
LY_591194.jpg,[213 219 225 ... 158 155 153]
LY_592241.jpg,[197 196 190 ... 233 233 233]
LY_592355.jpg,[229 230 232 ... 230 228 227]
LY_592408.jpg,[234 234 234 ... 179 180 180]
LY_593769.jpg,[166 169 174 ... 173 173 174]
LY_595308.jpg,[231 231 231 ... 217 203 188]
LY_59662.jpg,[233 233 233 ... 233 233 233]
LY_597880.jpg,[218 216 213 ... 236 234 233]
LY_598790.jpg,[234 234 234 ... 206 207 208]
LY_598957.jpg,[236 236 236 ... 236 236 236]
LY_599020.jpg,[167 169 171 ... 171 171 171]
LY_599099.jpg,[234 234 234 ... 234 234 233]
LY_599428.jpg,[222 225 225 ... 222 228 222]
LY_60004.jpg,[186 200 217 ... 181 180 179]
LY_600174.jpg,[200 200 200 ... 169 170 171]
LY_600393.jpg,[234 234 234 ... 234 234 235]
LY_60053.jpg,[235 235 235 ... 234 235 235]
LY_60114.jpg,[231 231 231 ... 158 161 163]
LY_602832.jpg,[233 233 233 ... 169 169 169]
LY_603476.jpg,[194 211 229 ... 212 213 214]
LY_603507.jpg,[232 232 232 ... 223 224 223]
LY_604428.jpg,[207 198 189 ... 229 228 229]
LY_604558.jpg,[232 232 232 ... 191 196 198]
LY_606151.jpg,[227 228 228 ... 233 233 233]
LY_607133.jpg,[232 230 231 ... 168 172 177]
LY_607326.jpg,[178 177 176 ... 231 231 231]
LY_607451.jpg,[164 163 162 ... 232 233 234]
LY_609104.jpg,[167 182 190 ... 212 216 218]
LY_609401.jpg,[191 193 195 ... 165 164 164]
LY_609443.jpg,[234 234 234 ... 234 234 234]
LY_612132.jpg,[231 231 231 ... 193 194 194]
LY_612323.jpg,[238 237 230 ... 235 235 234]
LY_612600.jpg,[200 199 197 ... 230 230 230]
LY_613198.jpg,[183 188 205 ... 188 192 194]
LY_613623.jpg,[171 170 169 ... 234 234 234]
LY_613672.jpg,[221 214 203 ... 235 235 235]
LY_613767.jpg,[189 186 187 ... 171 171 172]
LY_614956.jpg,[169 172 174 ... 229 223 218]
LY_616024.jpg,[234 234 234 ... 194 194 195]
LY_617499.jpg,[230 230 230 ... 231 231 231]
LY_618017.jpg,[230 230 229 ... 170 167 164]
LY_618428.jpg,[237 234 233 ... 169 167 165]
LY_619039.jpg,[237 237 237 ... 177 172 168]
LY_619308.jpg,[183 173 178 ... 189 195 199]
LY_6217.jpg,[233 233 234 ... 232 231 232]
LY_622941.jpg,[224 224 224 ... 180 177 174]
LY_623093.jpg,[234 234 234 ... 230 232 233]
LY_624959.jpg,[234 234 234 ... 190 193 195]
LY_625010.jpg,[233 233 233 ... 162 165 168]
LY_628843.jpg,[169 175 176 ... 181 187 191]
LY_632165.jpg,[232 225 212 ... 175 177 181]
LY_63391.jpg,[233 231 227 ... 232 232 232]
LY_634599.jpg,[234 234 234 ... 235 235 235]
LY_636354.jpg,[234 234 234 ... 231 231 231]
LY_636684.jpg,[233 233 233 ... 179 180 181]
LY_637341.jpg,[231 231 231 ... 228 228 228]
LY_637633.jpg,[181 180 180 ... 230 230 230]
LY_638242.jpg,[181 179 177 ... 230 230 230]
LY_638750.jpg,[183 180 177 ... 225 227 228]
LY_640533.jpg,[169 171 173 ... 231 225 218]
LY_642004.jpg,[233 233 233 ... 165 165 168]
LY_642131.jpg,[232 232 232 ... 218 223 227]
LY_64218.jpg,[173 174 179 ... 178 179 181]
LY_643675.jpg,[229 228 227 ... 165 165 166]
LY_644290.jpg,[187 185 181 ... 193 190 188]
LY_64434.jpg,[201 197 190 ... 201 216 224]
LY_644505.jpg,[233 233 233 ... 233 232 231]
LY_644595.jpg,[230 231 232 ... 230 230 230]
LY_644865.jpg,[234 234 234 ... 215 225 232]
LY_64544.jpg,[163 158 156 ... 232 232 232]
LY_646314.jpg,[236 234 232 ... 197 188 184]
LY_646631.jpg,[166 162 164 ... 232 232 232]
LY_646786.jpg,[160 161 162 ... 235 235 232]
LY_646894.jpg,[233 233 233 ... 183 179 176]
LY_646905.jpg,[194 190 185 ... 197 183 174]
LY_646952.jpg,[224 224 226 ... 234 234 234]
LY_647109.jpg,[179 179 179 ... 236 236 236]
LY_647287.jpg,[169 176 181 ... 230 230 230]
LY_647577.jpg,[161 162 163 ... 237 237 237]
LY_649255.jpg,[182 181 180 ... 196 181 178]
LY_649814.jpg,[234 234 234 ... 155 156 158]
LY_65073.jpg,[231 238 239 ... 227 227 227]
LY_650769.jpg,[178 177 174 ... 230 228 227]
LY_650850.jpg,[230 227 228 ... 174 175 178]
LY_651080.jpg,[234 234 234 ... 166 163 162]
LY_651453.jpg,[183 180 178 ... 234 234 234]
LY_651718.jpg,[169 168 166 ... 227 226 225]
LY_652833.jpg,[233 233 232 ... 229 230 229]
LY_653768.jpg,[234 234 234 ... 180 179 179]
LY_654580.jpg,[234 234 234 ... 172 174 175]
LY_654739.jpg,[159 161 162 ... 179 174 173]
LY_656082.jpg,[232 232 232 ... 231 231 231]
LY_65844.jpg,[174 175 176 ... 234 234 234]
LY_658912.jpg,[154 154 154 ... 233 233 233]
LY_659167.jpg,[234 234 234 ... 183 183 182]
LY_660274.jpg,[235 237 236 ... 165 165 166]
LY_660498.jpg,[228 228 227 ... 203 207 209]
LY_660571.jpg,[234 234 234 ... 234 234 234]
LY_660722.jpg,[217 221 211 ... 161 163 167]
LY_661063.jpg,[176 174 172 ... 235 235 235]
LY_661451.jpg,[190 189 187 ... 234 234 234]
LY_661853.jpg,[167 162 160 ... 234 234 234]
LY_662291.jpg,[172 172 172 ... 234 234 234]
LY_662988.jpg,[179 188 197 ... 231 231 231]
LY_663670.jpg,[169 170 175 ... 162 163 162]
LY_664700.jpg,[226 225 224 ... 173 175 178]
LY_665021.jpg,[171 181 194 ... 185 188 190]
LY_665299.jpg,[233 233 233 ... 177 175 173]
LY_665688.jpg,[228 229 230 ... 178 180 180]
LY_667147.jpg,[169 169 173 ... 234 234 234]
LY_668316.jpg,[ 46  47  53 ... 230 240 231]
LY_668845.jpg,[231 231 231 ... 231 231 231]
LY_670000.jpg,[235 235 235 ... 234 234 234]
LY_670241.jpg,[151 151 150 ... 232 232 232]
LY_670773.jpg,[235 235 235 ... 182 181 182]
LY_671159.jpg,[234 234 234 ... 224 229 232]
LY_671537.jpg,[232 233 234 ... 235 234 232]
LY_672082.jpg,[208 217 224 ... 233 233 233]
LY_674060.jpg,[232 232 232 ... 232 232 232]
LY_675041.jpg,[172 174 175 ... 231 231 231]
LY_676152.jpg,[233 233 233 ... 164 163 162]
LY_676405.jpg,[232 232 232 ... 232 232 233]
LY_676437.jpg,[173 177 184 ... 179 175 171]
LY_677709.jpg,[235 235 235 ... 202 189 181]
LY_678409.jpg,[234 234 234 ... 184 222 225]
LY_680002.jpg,[177 177 175 ... 189 186 184]
LY_680999.jpg,[172 173 178 ... 166 170 176]
LY_681516.jpg,[181 181 182 ... 231 232 224]
LY_682820.jpg,[233 233 233 ... 168 166 166]
LY_683648.jpg,[233 233 233 ... 231 231 231]
LY_683794.jpg,[202 214 224 ... 225 225 226]
LY_684028.jpg,[234 234 233 ... 180 184 187]
LY_684602.jpg,[187 191 194 ... 139  89  95]
LY_685339.jpg,[172 181 185 ... 232 232 232]
LY_685515.jpg,[194 195 194 ... 233 235 237]
LY_687027.jpg,[235 235 235 ... 230 232 230]
LY_687737.jpg,[234 234 234 ... 234 234 234]
LY_68814.jpg,[175 173 171 ... 230 230 230]
LY_688880.jpg,[234 234 234 ... 231 239 240]
LY_689894.jpg,[234 234 234 ... 225 235 240]
LY_691863.jpg,[179 186 192 ... 227 228 228]
LY_692000.jpg,[234 235 236 ... 171 172 172]
LY_69243.jpg,[184 181 180 ... 227 228 228]
LY_692569.jpg,[167 168 168 ... 176 178 182]
LY_69259.jpg,[232 232 232 ... 232 233 235]
LY_693776.jpg,[234 234 234 ... 233 233 233]
LY_695283.jpg,[199 200 201 ... 230 230 230]
LY_696193.jpg,[174 175 176 ... 234 234 234]
LY_696243.jpg,[235 235 233 ... 162 162 162]
LY_69669.jpg,[233 233 233 ... 234 234 234]
LY_696961.jpg,[231 231 231 ... 229 223 217]
LY_699056.jpg,[189 188 190 ... 234 234 234]
LY_700199.jpg,[175 179 176 ... 233 233 233]
LY_700280.jpg,[201 202 202 ... 191 199 205]
LY_700507.jpg,[239 227 231 ... 152 154 156]
LY_700648.jpg,[229 229 229 ... 168 164 177]
LY_703368.jpg,[179 174 172 ... 167 170 175]
LY_70378.jpg,[191 191 191 ... 231 232 233]
LY_703831.jpg,[232 231 231 ... 233 233 233]
LY_705334.jpg,[206 202 199 ... 162 164 165]
LY_705501.jpg,[206 204 201 ... 169 169 169]
LY_705563.jpg,[182 188 195 ... 175 185 192]
LY_706092.jpg,[185 185 186 ... 167 167 166]
LY_706761.jpg,[187 186 186 ... 192 196 200]
LY_706870.jpg,[232 233 235 ... 236 236 236]
LY_707113.jpg,[167 172 178 ... 232 233 235]
LY_707158.jpg,[222 220 216 ... 232 232 232]
LY_707436.jpg,[168 176 182 ... 159 163 166]
LY_708881.jpg,[237 232 225 ... 196 187 185]
LY_709042.jpg,[235 235 235 ... 232 231 231]
LY_709473.jpg,[234 234 234 ... 229 230 230]
LY_709834.jpg,[195 198 199 ... 190 184 179]
LY_712475.jpg,[189 188 187 ... 234 234 234]
LY_714463.jpg,[234 234 234 ... 234 234 234]
LY_714950.jpg,[193 189 185 ... 165 163 162]
LY_715395.jpg,[226 230 232 ... 210 200 194]
LY_717775.jpg,[234 234 234 ... 233 233 231]
LY_718085.jpg,[171 175 177 ... 172 175 177]
LY_720395.jpg,[174 182 192 ... 236 222 202]
LY_720543.jpg,[185 185 186 ... 231 232 233]
LY_720578.jpg,[174 174 174 ... 236 236 236]
LY_721153.jpg,[233 233 234 ... 233 233 233]
LY_721751.jpg,[207 204 200 ... 198 198 199]
LY_721798.jpg,[169 166 167 ... 234 234 234]
LY_722199.jpg,[235 229 233 ... 178 184 188]
LY_722583.jpg,[218 219 220 ... 184 186 187]
LY_722642.jpg,[235 235 235 ... 232 232 233]
LY_722701.jpg,[197 194 189 ... 196 187 188]
LY_722941.jpg,[216 228 235 ... 240 237 231]
LY_724965.jpg,[230 231 232 ... 185 170 169]
LY_725386.jpg,[234 234 234 ... 176 176 180]
LY_725575.jpg,[232 232 232 ... 173 175 175]
LY_726808.jpg,[231 230 233 ... 182 182 182]
LY_727511.jpg,[230 230 230 ... 229 219 207]
LY_727634.jpg,[233 233 233 ... 178 183 190]
LY_728263.jpg,[235 235 235 ... 233 233 233]
LY_729776.jpg,[232 232 232 ... 229 229 229]
LY_730192.jpg,[234 234 234 ... 177 171 166]
LY_730423.jpg,[184 190 199 ... 234 234 234]
LY_730801.jpg,[233 233 233 ... 231 231 232]
LY_731097.jpg,[167 161 161 ... 229 231 234]
LY_731457.jpg,[231 233 236 ... 223 234 227]
LY_732043.jpg,[231 231 231 ...  81  62  34]
LY_732056.jpg,[236 236 236 ... 224 238 234]
LY_733068.jpg,[191 183 178 ... 224 225 227]
LY_733471.jpg,[226 227 228 ... 234 234 234]
LY_735620.jpg,[179 181 183 ... 227 226 225]
LY_736101.jpg,[231 231 231 ... 234 235 235]
LY_736531.jpg,[234 234 234 ... 231 231 231]
LY_737978.jpg,[161 162 165 ... 175 174 173]
LY_738073.jpg,[168 165 163 ... 232 233 234]
LY_740172.jpg,[233 233 233 ... 189 192 194]
LY_740842.jpg,[231 231 231 ... 230 230 230]
LY_741548.jpg,[228 228 228 ... 194 194 194]
LY_741846.jpg,[202 199 196 ... 231 233 234]
LY_742231.jpg,[175 174 173 ... 151 153 155]
LY_742481.jpg,[183 179 176 ... 166 168 169]
LY_742554.jpg,[232 232 232 ... 194 198 204]
LY_743105.jpg,[170 170 170 ... 164 163 163]
LY_743393.jpg,[229 230 232 ... 195 200 204]
LY_743427.jpg,[206 202 196 ... 187 189 191]
LY_744710.jpg,[234 234 234 ... 232 232 232]
LY_7449.jpg,[189 210 232 ... 230 229 229]
LY_744979.jpg,[195 188 181 ... 194 184 179]
LY_744989.jpg,[234 234 234 ... 165 163 163]
LY_745113.jpg,[234 234 234 ... 230 231 232]
LY_745253.jpg,[233 233 233 ... 233 233 233]
LY_746004.jpg,[234 234 234 ... 170 170 169]
LY_746784.jpg,[232 233 233 ... 234 234 234]
LY_74824.jpg,[226 229 232 ... 188 187 187]
LY_75105.jpg,[232 233 233 ... 227 227 222]
LY_751218.jpg,[232 232 232 ... 179 175 170]
LY_752008.jpg,[229 223 213 ... 180 179 179]
LY_752478.jpg,[234 234 234 ... 175 179 181]
LY_752671.jpg,[183 178 181 ... 170 171 174]
LY_752828.jpg,[234 234 234 ... 179 181 185]
LY_753705.jpg,[198 199 200 ... 175 174 174]
LY_753964.jpg,[236 236 236 ... 231 231 231]
LY_754771.jpg,[231 231 231 ... 232 229 222]
LY_75542.jpg,[234 234 234 ... 172 172 170]
LY_755515.jpg,[235 235 235 ... 233 233 233]
LY_755980.jpg,[231 222 208 ... 228 229 222]
LY_755997.jpg,[176 177 184 ... 178 175 173]
LY_75762.jpg,[171 168 165 ... 232 232 232]
LY_758422.jpg,[231 223 209 ... 233 233 233]
LY_759072.jpg,[184 182 179 ... 231 231 231]
LY_759328.jpg,[159 159 158 ... 232 232 232]
LY_762572.jpg,[233 233 233 ... 231 231 231]
LY_762686.jpg,[177 183 184 ... 195 220 233]
LY_762788.jpg,[172 175 178 ... 232 228 207]
LY_764506.jpg,[234 234 234 ... 232 232 232]
LY_767226.jpg,[232 232 232 ... 231 231 231]
LY_769569.jpg,[184 184 183 ... 185 187 188]
LY_771696.jpg,[234 234 234 ... 236 234 230]
LY_772628.jpg,[178 184 189 ... 232 222 210]
LY_772663.jpg,[233 233 233 ... 231 231 231]
LY_774874.jpg,[229 230 230 ... 179 171 163]
LY_775657.jpg,[200 199 197 ... 176 175 174]
LY_776045.jpg,[235 235 235 ... 220 226 210]
LY_776183.jpg,[235 235 235 ... 234 235 235]
LY_776513.jpg,[187 188 185 ... 232 232 235]
LY_776538.jpg,[178 177 176 ... 234 234 234]
LY_776689.jpg,[197 191 183 ... 232 232 232]
LY_777144.jpg,[234 234 234 ... 152 151 149]
LY_778240.jpg,[217 213 207 ... 227 228 230]
LY_778709.jpg,[232 231 231 ... 226 229 236]
LY_779080.jpg,[229 231 233 ... 170 168 167]
LY_779508.jpg,[233 233 233 ... 228 230 232]
LY_779564.jpg,[181 182 184 ... 233 233 233]
LY_780549.jpg,[169 167 170 ... 232 231 231]
LY_781116.jpg,[234 234 234 ... 233 233 233]
LY_78141.jpg,[182 180 177 ... 180 175 166]
LY_782430.jpg,[232 232 233 ... 233 231 230]
LY_782746.jpg,[232 232 232 ... 209 216 218]
LY_783503.jpg,[177 179 183 ... 233 233 233]
LY_785284.jpg,[175 176 177 ... 178 181 183]
LY_785608.jpg,[179 179 180 ... 234 234 234]
LY_786317.jpg,[189 201 217 ... 172 173 178]
LY_787227.jpg,[234 232 230 ... 152 152 151]
LY_787687.jpg,[233 233 233 ... 237 231 221]
LY_788039.jpg,[167 167 167 ... 233 233 231]
LY_788750.jpg,[236 236 236 ... 234 233 232]
LY_789385.jpg,[229 231 232 ... 232 232 233]
LY_789698.jpg,[234 234 234 ... 192 198 202]
LY_790293.jpg,[218 221 225 ... 232 215 196]
LY_791031.jpg,[233 233 232 ... 235 233 232]
LY_792776.jpg,[210 195 183 ... 231 232 233]
LY_793239.jpg,[187 207 226 ... 229 230 230]
LY_793772.jpg,[234 234 234 ... 233 233 233]
LY_793893.jpg,[187 188 188 ... 232 232 232]
LY_793947.jpg,[186 185 184 ... 231 232 234]
LY_79607.jpg,[233 233 233 ... 185 183 182]
LY_796210.jpg,[233 233 233 ... 233 233 233]
LY_796625.jpg,[170 172 173 ... 233 222 212]
LY_79706.jpg,[235 235 235 ... 188 192 194]
LY_797793.jpg,[235 234 233 ... 200 185 175]
LY_798487.jpg,[234 234 234 ... 156 157 158]
LY_799385.jpg,[234 235 235 ... 235 235 235]
LY_799986.jpg,[230 230 228 ... 178 184 188]
LY_800058.jpg,[182 188 191 ... 181 184 184]
LY_800603.jpg,[215 222 230 ... 183 177 169]
LY_801230.jpg,[234 234 234 ... 173 175 175]
LY_801480.jpg,[177 177 178 ... 159 162 164]
LY_801778.jpg,[234 234 234 ... 233 233 231]
LY_803057.jpg,[227 227 227 ... 229 229 229]
LY_803647.jpg,[233 232 232 ... 197 191 188]
LY_803891.jpg,[166 167 167 ... 233 233 233]
LY_804787.jpg,[154 154 153 ... 226 223 220]
LY_804969.jpg,[233 233 233 ... 229 228 228]
LY_807924.jpg,[236 236 236 ... 233 233 233]
LY_810114.jpg,[232 232 232 ... 232 232 231]
LY_810594.jpg,[233 233 233 ... 234 234 234]
LY_81076.jpg,[176 183 191 ... 229 213 184]
LY_812454.jpg,[235 235 235 ... 172 174 175]
LY_812570.jpg,[210 207 203 ... 233 235 236]
LY_813628.jpg,[173 173 172 ... 231 221 209]
LY_814540.jpg,[233 232 231 ... 232 232 232]
LY_815802.jpg,[229 231 233 ... 229 230 231]
LY_815826.jpg,[199 200 202 ... 212 183 175]
LY_815909.jpg,[230 226 221 ... 232 232 232]
LY_816147.jpg,[233 233 233 ... 230 232 230]
LY_81744.jpg,[167 167 166 ... 163 163 163]
LY_817702.jpg,[233 241 235 ... 175 176 180]
LY_818085.jpg,[233 233 233 ... 166 166 168]
LY_818290.jpg,[233 233 233 ... 234 233 232]
LY_818656.jpg,[233 233 233 ... 230 230 230]
LY_818779.jpg,[179 184 187 ... 232 232 232]
LY_819068.jpg,[234 234 234 ... 235 235 235]
LY_819409.jpg,[233 233 233 ... 153 152 152]
LY_819930.jpg,[235 234 234 ... 191 189 188]
LY_819994.jpg,[197 195 191 ... 178 179 179]
LY_820246.jpg,[234 234 234 ... 220 218 218]
LY_82173.jpg,[234 234 234 ... 212 214 213]
LY_82338.jpg,[233 233 233 ... 232 232 232]
LY_823713.jpg,[177 178 182 ... 229 230 231]
LY_824813.jpg,[233 233 233 ... 232 232 232]
LY_825373.jpg,[224 224 225 ... 232 232 232]
LY_825410.jpg,[233 233 233 ... 230 229 228]
LY_825441.jpg,[234 235 232 ... 232 232 232]
LY_826283.jpg,[214 193 175 ... 231 231 231]
LY_827379.jpg,[223 210 193 ... 233 233 233]
LY_827566.jpg,[184 184 185 ... 161 160 159]
LY_827883.jpg,[170 172 177 ... 229 231 233]
LY_828116.jpg,[225 225 225 ... 229 231 232]
LY_828205.jpg,[235 235 235 ... 234 232 231]
LY_828552.jpg,[232 232 232 ... 188 187 179]
LY_829659.jpg,[230 230 230 ... 176 180 183]
LY_829942.jpg,[194 193 193 ...  62  67  70]
LY_830593.jpg,[232 233 233 ... 233 234 234]
LY_832073.jpg,[234 234 234 ... 231 231 231]
LY_832225.jpg,[232 232 232 ... 231 232 232]
LY_832402.jpg,[196 196 196 ... 234 232 231]
LY_832617.jpg,[229 229 233 ... 157 157 157]
LY_832775.jpg,[179 179 180 ... 163 162 162]
LY_83324.jpg,[180 185 188 ... 232 223 214]
LY_833720.jpg,[171 171 171 ... 181 181 181]
LY_833791.jpg,[159 158 157 ... 233 233 233]
LY_833948.jpg,[176 180 188 ... 177 172 169]
LY_83417.jpg,[188 199 213 ... 221 222 222]
LY_834806.jpg,[175 181 189 ... 231 231 230]
LY_834838.jpg,[169 167 167 ... 202 201 199]
LY_83662.jpg,[174 179 190 ... 221 231 235]
LY_83666.jpg,[233 233 233 ... 232 230 229]
LY_837051.jpg,[227 226 224 ... 188 187 186]
LY_837910.jpg,[200 206 214 ... 233 233 233]
LY_839010.jpg,[188 195 213 ... 172 172 177]
LY_839729.jpg,[234 234 234 ... 152 153 153]
LY_841070.jpg,[237 235 233 ... 237 238 238]
LY_842128.jpg,[216 218 217 ... 230 228 225]
LY_842868.jpg,[231 231 232 ... 165 164 164]
LY_8432.jpg,[168 164 168 ... 195 194 198]
LY_844166.jpg,[219 223 227 ... 234 234 234]
LY_844729.jpg,[169 170 173 ...  46  47  74]
LY_845543.jpg,[234 234 234 ... 167 166 163]
LY_845737.jpg,[233 233 233 ... 230 232 233]
LY_847141.jpg,[233 230 223 ... 234 234 234]
LY_848571.jpg,[183 183 184 ... 231 230 229]
LY_849013.jpg,[228 228 228 ... 227 228 229]
LY_849118.jpg,[231 232 232 ... 227 227 228]
LY_851299.jpg,[227 219 206 ... 237 237 235]
LY_851511.jpg,[233 233 233 ... 220 220 221]
LY_853229.jpg,[233 233 233 ... 176 173 174]
LY_853677.jpg,[154 158 163 ... 234 234 234]
LY_853764.jpg,[161 161 162 ... 164 165 170]
LY_85450.jpg,[194 193 190 ... 163 162 163]
LY_85630.jpg,[186 190 196 ... 234 234 234]
LY_857864.jpg,[233 233 233 ... 185 184 184]
LY_858672.jpg,[235 235 234 ... 171 172 173]
LY_860635.jpg,[199 201 206 ... 229 229 229]
LY_86114.jpg,[184 182 180 ... 177 178 179]
LY_861218.jpg,[190 186 184 ... 237 238 233]
LY_86171.jpg,[205 202 197 ... 216 218 220]
LY_861914.jpg,[232 232 232 ... 229 229 229]
LY_86378.jpg,[167 172 180 ... 232 234 235]
LY_864134.jpg,[233 233 233 ... 232 232 232]
LY_865265.jpg,[180 183 187 ... 233 233 233]
LY_865656.jpg,[233 232 231 ... 206 219 227]
LY_866646.jpg,[236 236 236 ... 230 219 206]
LY_867406.jpg,[205 205 206 ... 173 175 179]
LY_868217.jpg,[233 233 233 ... 233 233 233]
LY_86837.jpg,[167 168 168 ... 155 158 159]
LY_869516.jpg,[179 180 180 ... 233 233 233]
LY_869750.jpg,[189 188 185 ... 234 234 234]
LY_869931.jpg,[234 234 234 ... 185 184 185]
LY_869994.jpg,[231 231 231 ... 225 232 224]
LY_870487.jpg,[236 232 228 ... 236 236 236]
LY_870677.jpg,[175 177 177 ... 234 234 234]
LY_870847.jpg,[171 170 169 ... 230 233 236]
LY_870923.jpg,[233 233 233 ... 229 231 232]
LY_87125.jpg,[162 162 161 ... 230 233 233]
LY_872377.jpg,[234 234 234 ... 216 214 212]
LY_872921.jpg,[230 230 230 ... 230 229 229]
LY_872934.jpg,[217 222 229 ... 231 231 231]
LY_873168.jpg,[234 234 234 ... 230 230 231]
LY_873630.jpg,[181 194 209 ... 233 233 233]
LY_874360.jpg,[171 172 172 ... 217 196 179]
LY_874739.jpg,[233 231 231 ... 232 232 233]
LY_874823.jpg,[193 192 190 ... 234 234 229]
LY_875286.jpg,[231 231 231 ... 231 231 231]
LY_875452.jpg,[165 155 153 ... 178 179 178]
LY_875657.jpg,[211 209 206 ... 176 180 185]
LY_875873.jpg,[174 177 185 ... 183 181 177]
LY_877055.jpg,[189 216 237 ... 234 234 234]
LY_877960.jpg,[234 234 234 ... 230 231 233]
LY_87818.jpg,[232 232 232 ... 230 225 218]
LY_878313.jpg,[184 179 177 ... 232 232 232]
LY_879256.jpg,[233 233 233 ... 184 183 183]
LY_881002.jpg,[234 234 234 ... 207 217 223]
LY_881717.jpg,[233 233 233 ... 164 167 173]
LY_883318.jpg,[179 179 178 ... 168 169 170]
LY_884557.jpg,[203 200 195 ... 234 234 234]
LY_884721.jpg,[177 178 178 ... 232 232 232]
LY_888483.jpg,[234 234 234 ... 234 234 234]
LY_891701.jpg,[173 186 204 ... 234 234 234]
LY_891761.jpg,[235 234 234 ... 158 158 157]
LY_891874.jpg,[233 233 233 ... 232 234 234]
LY_892611.jpg,[203 214 227 ... 176 177 178]
LY_893060.jpg,[234 235 234 ... 150 150 150]
LY_893109.jpg,[219 227 232 ... 231 231 231]
LY_893140.jpg,[227 227 227 ... 165 168 173]
LY_893259.jpg,[172 172 172 ... 234 234 234]
LY_893448.jpg,[215 212 206 ... 193 182 180]
LY_893656.jpg,[233 233 233 ... 233 233 233]
LY_894111.jpg,[231 231 231 ... 232 232 232]
LY_894569.jpg,[199 210 224 ... 216 231 233]
LY_894763.jpg,[232 230 221 ... 232 232 232]
LY_894865.jpg,[178 177 176 ... 161 163 165]
LY_896867.jpg,[217 211 203 ... 189 189 189]
LY_897158.jpg,[231 231 231 ... 224 225 227]
LY_897525.jpg,[174 179 185 ... 221 229 233]
LY_898862.jpg,[187 188 187 ... 234 234 234]
LY_900078.jpg,[236 236 236 ... 235 235 235]
LY_900086.jpg,[233 233 233 ... 230 230 230]
LY_900304.jpg,[234 234 234 ... 234 234 234]
LY_901764.jpg,[204 204 205 ... 230 231 232]
LY_903380.jpg,[236 236 236 ... 232 232 232]
LY_90345.jpg,[185 185 184 ... 230 232 233]
LY_904542.jpg,[172 171 170 ... 213 219 222]
LY_904936.jpg,[235 236 237 ... 230 229 225]
LY_905003.jpg,[229 229 229 ... 175 183 192]
LY_905051.jpg,[233 232 231 ... 232 235 232]
LY_907042.jpg,[236 236 236 ... 176 178 179]
LY_907262.jpg,[233 232 231 ... 232 235 237]
LY_907480.jpg,[232 232 232 ... 234 234 234]
LY_908757.jpg,[233 233 233 ... 128 149 163]
LY_908944.jpg,[175 173 169 ... 232 232 232]
LY_909959.jpg,[190 186 181 ... 229 231 232]
LY_9109.jpg,[166 165 163 ... 214 198 186]
LY_911324.jpg,[234 234 234 ... 192 182 179]
LY_912598.jpg,[163 173 173 ... 173 172 171]
LY_91407.jpg,[164 166 168 ... 232 232 232]
LY_914453.jpg,[ 61  23  49 ... 109 187 239]
LY_914594.jpg,[232 232 232 ... 168 168 171]
LY_914653.jpg,[234 234 234 ... 168 166 164]
LY_915675.jpg,[231 211 189 ... 229 229 230]
LY_915839.jpg,[233 233 233 ... 180 183 185]
LY_916903.jpg,[232 229 226 ... 226 227 228]
LY_918465.jpg,[234 234 234 ... 183 185 186]
LY_918494.jpg,[239 238 236 ... 164 162 161]
LY_919251.jpg,[184 185 185 ... 236 232 217]
LY_919323.jpg,[195 194 192 ... 226 206 189]
LY_919876.jpg,[231 231 231 ... 167 169 173]
LY_920111.jpg,[232 232 232 ... 189 184 182]
LY_921451.jpg,[174 173 173 ... 208 195 186]
LY_921911.jpg,[167 170 179 ... 234 234 234]
LY_923038.jpg,[234 234 234 ... 167 171 175]
LY_924952.jpg,[234 234 234 ... 234 234 234]
LY_925035.jpg,[219 229 234 ... 229 230 229]
LY_92565.jpg,[187 178 169 ... 233 233 233]
LY_925672.jpg,[233 233 233 ... 122 127 151]
LY_925681.jpg,[233 233 233 ... 210 214 219]
LY_925823.jpg,[232 232 232 ... 176 177 178]
LY_926291.jpg,[235 235 235 ... 234 234 234]
LY_927603.jpg,[226 226 225 ... 193 176 177]
LY_928141.jpg,[234 234 234 ... 161 161 161]
LY_92946.jpg,[159 160 160 ... 232 232 232]
LY_929629.jpg,[203 197 186 ... 234 234 234]
LY_929835.jpg,[168 171 179 ... 172 177 183]
LY_929854.jpg,[233 233 233 ... 213 211 210]
LY_930111.jpg,[221 226 232 ... 221 218 212]
LY_930690.jpg,[180 177 171 ... 230 233 238]
LY_930985.jpg,[190 192 198 ... 231 231 231]
LY_932486.jpg,[230 232 232 ... 179 178 176]
LY_933111.jpg,[234 234 234 ... 234 234 234]
LY_933374.jpg,[176 177 188 ... 234 234 235]
LY_933937.jpg,[234 234 234 ... 221 227 232]
LY_934441.jpg,[232 232 232 ... 233 234 234]
LY_935379.jpg,[232 232 232 ... 163 160 158]
LY_936131.jpg,[176 169 167 ... 232 232 232]
LY_937401.jpg,[232 232 232 ... 188 177 167]
LY_938330.jpg,[162 165 169 ... 162 160 159]
LY_93903.jpg,[236 236 236 ... 173 171 171]
LY_939287.jpg,[169 169 168 ... 232 231 230]
LY_942960.jpg,[233 233 233 ... 227 228 230]
LY_944905.jpg,[219 223 228 ... 177 180 185]
LY_945775.jpg,[204 201 195 ... 230 232 233]
LY_947487.jpg,[218 221 223 ... 233 220 195]
LY_947726.jpg,[231 232 232 ... 234 234 234]
LY_947790.jpg,[233 233 233 ... 195 203 208]
LY_948750.jpg,[178 177 176 ... 174 175 177]
LY_948825.jpg,[232 232 232 ... 232 232 233]
LY_948851.jpg,[236 235 235 ... 235 235 235]
LY_949147.jpg,[179 178 178 ... 180 182 178]
LY_951374.jpg,[234 234 234 ... 234 234 234]
LY_95212.jpg,[233 233 233 ... 229 228 228]
LY_952423.jpg,[165 165 169 ... 229 229 229]
LY_9533.jpg,[234 234 234 ... 174 171 169]
LY_953443.jpg,[231 232 234 ... 234 234 234]
LY_954324.jpg,[232 232 232 ... 179 180 182]
LY_954369.jpg,[232 232 233 ... 229 227 225]
LY_955140.jpg,[209 216 225 ... 173 175 177]
LY_955445.jpg,[193 189 182 ... 205 191 185]
LY_95557.jpg,[233 233 233 ... 181 180 181]
LY_956038.jpg,[223 204 184 ... 158 157 155]
LY_95668.jpg,[180 176 173 ... 232 232 232]
LY_959755.jpg,[162 161 159 ... 215 220 222]
LY_960788.jpg,[233 233 233 ... 220 226 229]
LY_961135.jpg,[233 232 232 ... 199 211 221]
LY_961250.jpg,[177 178 180 ... 170 168 168]
LY_961642.jpg,[168 172 177 ... 183 173 173]
LY_962162.jpg,[174 175 175 ... 233 231 231]
LY_962298.jpg,[220 219 218 ... 232 232 232]
LY_962746.jpg,[189 186 185 ... 166 163 165]
LY_962901.jpg,[232 228 222 ... 234 234 234]
LY_963670.jpg,[190 189 188 ... 236 235 239]
LY_965360.jpg,[233 233 233 ... 139 140 141]
LY_965640.jpg,[236 236 236 ... 235 235 235]
LY_966026.jpg,[178 177 177 ... 232 232 232]
LY_967233.jpg,[200 200 201 ... 233 233 233]
LY_969163.jpg,[232 232 232 ... 233 233 233]
LY_970253.jpg,[233 233 233 ... 230 230 230]
LY_970556.jpg,[176 179 181 ... 231 231 232]
LY_971434.jpg,[181 180 179 ... 187 187 187]
LY_971498.jpg,[233 233 233 ... 216 207 201]
LY_971588.jpg,[183 185 186 ... 232 232 231]
LY_973118.jpg,[231 231 231 ... 235 229 221]
LY_974002.jpg,[230 229 230 ... 232 232 232]
LY_974550.jpg,[198 212 228 ... 200 204 207]
LY_978489.jpg,[180 175 172 ... 202 212 217]
LY_979514.jpg,[234 234 234 ... 234 234 234]
LY_979614.jpg,[232 233 234 ... 157 156 155]
LY_981011.jpg,[165 161 160 ... 175 175 174]
LY_981098.jpg,[ 81  59  68 ... 237 236 230]
LY_982252.jpg,[169 168 168 ... 186 182 183]
LY_98404.jpg,[232 232 233 ... 232 235 234]
LY_984424.jpg,[233 233 233 ... 171 172 173]
LY_985583.jpg,[168 168 167 ... 232 232 232]
LY_985627.jpg,[178 173 171 ... 230 230 230]
LY_986779.jpg,[232 232 232 ... 228 230 231]
LY_988983.jpg,[233 232 231 ... 232 232 232]
LY_989262.jpg,[234 234 234 ... 177 181 183]
LY_990177.jpg,[197 197 196 ... 184 183 179]
LY_99358.jpg,[192 193 196 ... 219 221 217]
LY_995949.jpg,[230 233 232 ... 232 232 232]
LY_996704.jpg,[233 233 233 ... 193 192 193]
LY_99706.jpg,[174 176 193 ... 232 232 232]
LY_997935.jpg,[188 202 220 ... 173 174 174]
LY_998918.jpg,[234 234 234 ... 172 179 184]
LY_999045.jpg,[232 232 232 ... 157 157 156]
